-- phpMyAdmin SQL Dump
-- version 5.0.3
-- https://www.phpmyadmin.net/
--
-- Host: 127.0.0.1
-- Generation Time: Aug 09, 2021 at 12:40 PM
-- Server version: 10.4.14-MariaDB
-- PHP Version: 7.4.11

SET SQL_MODE = "NO_AUTO_VALUE_ON_ZERO";
START TRANSACTION;
SET time_zone = "+00:00";


/*!40101 SET @OLD_CHARACTER_SET_CLIENT=@@CHARACTER_SET_CLIENT */;
/*!40101 SET @OLD_CHARACTER_SET_RESULTS=@@CHARACTER_SET_RESULTS */;
/*!40101 SET @OLD_COLLATION_CONNECTION=@@COLLATION_CONNECTION */;
/*!40101 SET NAMES utf8mb4 */;

--
-- Database: `gbsinn_taskly`
--

-- --------------------------------------------------------

--
-- Table structure for table `account_group`
--

CREATE TABLE `account_group` (
  `id` int(11) NOT NULL,
  `name` varchar(255) NOT NULL
) ENGINE=MyISAM DEFAULT CHARSET=latin1;

--
-- Dumping data for table `account_group`
--

INSERT INTO `account_group` (`id`, `name`) VALUES
(4, 'My Group'),
(3, 'Projects');

-- --------------------------------------------------------

--
-- Table structure for table `account_subgroup`
--

CREATE TABLE `account_subgroup` (
  `id` int(11) NOT NULL,
  `name` varchar(255) NOT NULL,
  `group_id` int(11) NOT NULL
) ENGINE=MyISAM DEFAULT CHARSET=latin1;

--
-- Dumping data for table `account_subgroup`
--

INSERT INTO `account_subgroup` (`id`, `name`, `group_id`) VALUES
(1, 'Projects', 0),
(2, 'Revenue', 3),
(4, 'A', 3),
(5, 'Asd', 4);

-- --------------------------------------------------------

--
-- Table structure for table `attendance`
--

CREATE TABLE `attendance` (
  `attendance_id` int(11) NOT NULL,
  `time_1` varchar(255) DEFAULT NULL,
  `time_2` varchar(255) DEFAULT NULL,
  `ip` varchar(255) NOT NULL,
  `macaddress` varchar(255) NOT NULL,
  `attendance_datetime` varchar(255) NOT NULL,
  `lates` int(11) NOT NULL,
  `absent` int(11) NOT NULL,
  `leave_` int(11) NOT NULL,
  `holiday` varchar(255) DEFAULT NULL,
  `user_id` int(11) NOT NULL
) ENGINE=InnoDB DEFAULT CHARSET=utf8mb4;

--
-- Dumping data for table `attendance`
--

INSERT INTO `attendance` (`attendance_id`, `time_1`, `time_2`, `ip`, `macaddress`, `attendance_datetime`, `lates`, `absent`, `leave_`, `holiday`, `user_id`) VALUES
(1, '16:08 PM', '16:08 PM', '::1', '', '20-02-21', 0, 0, 0, NULL, 3),
(2, '16:25 PM', '16:35 PM', '::1', '', '20-02-21', 0, 0, 0, NULL, 3),
(3, '11:18 AM', NULL, '::1', '', '22-02-21', 0, 0, 0, NULL, 3),
(4, '11:47 AM', '11:47 AM', '::1', '', '12-03-21', 0, 0, 0, NULL, 3),
(5, '13:14 PM', NULL, '::1', '', '12-03-21', 0, 0, 0, NULL, 3),
(6, '13:17 PM', NULL, '::1', '', '12-03-21', 0, 0, 0, NULL, 3),
(7, '13:17 PM', '13:17 PM', '::1', '', '12-03-21', 0, 0, 0, NULL, 3),
(8, '13:27 PM', '13:28 PM', '::1', '', '12-03-21', 0, 0, 0, NULL, 5),
(9, '16:35 PM', '16:36 PM', '::1', '', '12-03-21', 0, 0, 0, NULL, 3),
(10, '16:36 PM', '16:38 PM', '::1', '', '12-03-21', 0, 0, 0, NULL, 5),
(11, '02:47 AM', NULL, '::1', '', '13-03-21', 0, 0, 0, NULL, 3),
(12, '02:47 AM', NULL, '::1', '', '13-03-21', 0, 0, 0, NULL, 3),
(13, '02:51 AM', '02:51 AM', '::1', '', '13-03-21', 0, 0, 0, NULL, 3),
(14, '09:53 AM', '10:43 AM', '::1', '', '13-03-21', 0, 0, 0, NULL, 3),
(15, '10:43 AM', '10:44 AM', '::1', '', '13-03-21', 0, 0, 0, NULL, 3),
(16, '10:45 AM', '10:45 AM', '::1', '', '13-03-21', 0, 0, 0, NULL, 3),
(17, '10:47 AM', '10:52 AM', '::1', '', '13-03-21', 0, 0, 0, NULL, 3),
(18, '10:52 AM', '10:54 AM', '::1', '', '13-03-21', 0, 0, 0, NULL, 3),
(19, '10:55 AM', '10:56 AM', '::1', '', '13-03-21', 0, 0, 0, NULL, 3),
(20, '11:01 AM', '11:14 AM', '::1', '', '13-03-21', 0, 0, 0, NULL, 5),
(21, '11:14 AM', '11:16 AM', '::1', '', '13-03-21', 0, 0, 0, NULL, 3),
(22, '11:17 AM', '11:37 AM', '::1', '', '13-03-21', 0, 0, 0, NULL, 3),
(23, '11:37 AM', '11:38 AM', '::1', '', '13-03-21', 0, 0, 0, NULL, 5),
(24, '11:39 AM', '11:39 AM', '::1', '', '13-03-21', 0, 0, 0, NULL, 5),
(25, '11:40 AM', '11:49 AM', '::1', '', '13-03-21', 0, 0, 0, NULL, 5),
(26, '11:50 AM', '11:51 AM', '::1', '', '13-03-21', 0, 0, 0, NULL, 3),
(27, '12:56 PM', '12:57 PM', '::1', '', '13-03-21', 0, 0, 0, NULL, 3),
(28, '13:01 PM', '13:02 PM', '::1', '', '13-03-21', 0, 0, 0, NULL, 5),
(29, '13:08 PM', '13:08 PM', '::1', '', '13-03-21', 0, 0, 0, NULL, 5),
(30, '13:17 PM', '13:18 PM', '::1', '', '13-03-21', 0, 0, 0, NULL, 5),
(31, '13:19 PM', NULL, '::1', '', '13-03-21', 0, 0, 0, NULL, 5),
(32, '13:24 PM', '13:25 PM', '::1', '', '13-03-21', 0, 0, 0, NULL, 5),
(33, '14:36 PM', '14:42 PM', '::1', '', '13-03-21', 0, 0, 0, NULL, 5),
(34, '15:24 PM', '15:24 PM', '::1', '', '13-03-21', 0, 0, 0, NULL, 5),
(35, '15:24 PM', '15:29 PM', '::1', '', '13-03-21', 0, 0, 0, NULL, 3),
(36, '16:22 PM', '16:41 PM', '::1', '', '13-03-21', 0, 0, 0, NULL, 3),
(37, '23:05 PM', '23:05 PM', '::1', '', '14-03-21', 0, 0, 0, NULL, 3),
(38, '01:32 AM', '01:36 AM', '::1', '', '15-03-21', 0, 0, 0, NULL, 3),
(39, '01:37 AM', '02:11 AM', '::1', '', '15-03-21', 0, 0, 0, NULL, 5),
(40, '02:26 AM', NULL, '::1', '', '15-03-21', 0, 0, 0, NULL, 5),
(41, '15:46 PM', '15:46 PM', '::1', '', '16-03-21', 0, 0, 0, NULL, 5),
(42, '00:23 AM', NULL, '::1', '', '17-03-21', 0, 0, 0, NULL, 5),
(43, '12:01 PM', '12:06 PM', '::1', '', '17-03-21', 0, 0, 0, NULL, 5),
(44, '01:25 AM', '01:42 AM', '::1', '', '18-03-21', 0, 0, 0, NULL, 5),
(45, '01:46 AM', '02:20 AM', '::1', '', '18-03-21', 0, 0, 0, NULL, 5),
(46, '02:20 AM', '02:46 AM', '::1', '', '18-03-21', 0, 0, 0, NULL, 5),
(47, '11:13 AM', '14:52 PM', '39.38.41.37', '', '27-03-21', 0, 0, 0, NULL, 2),
(48, '11:15 AM', '14:42 PM', '39.38.41.37', '', '27-03-21', 0, 0, 0, NULL, 3),
(49, '14:44 PM', '14:52 PM', '39.38.41.37', '', '27-03-21', 0, 0, 0, NULL, 5),
(50, '16:38 PM', '16:54 PM', '39.38.41.37', '', '27-03-21', 0, 0, 0, NULL, 7),
(51, '15:11 PM', '15:43 PM', '39.38.7.97', '', '31-03-21', 0, 0, 0, NULL, 3),
(52, '15:35 PM', '15:58 PM', '39.38.7.97', '', '31-03-21', 0, 0, 0, NULL, 2),
(53, '15:45 PM', '15:56 PM', '39.38.7.97', '', '31-03-21', 0, 0, 0, NULL, 3),
(54, '15:56 PM', '16:58 PM', '39.38.7.97', '', '31-03-21', 0, 0, 0, NULL, 3),
(55, '15:58 PM', '16:01 PM', '39.38.7.97', '', '31-03-21', 0, 0, 0, NULL, 2),
(56, '16:01 PM', '16:57 PM', '39.38.7.97', '', '31-03-21', 0, 0, 0, NULL, 2),
(57, '09:12 AM', '09:26 AM', '39.38.21.193', '', '01-04-21', 0, 0, 0, NULL, 3),
(58, '09:27 AM', '09:37 AM', '39.38.21.193', '', '01-04-21', 0, 0, 0, NULL, 3),
(59, '09:33 AM', '10:00 AM', '39.38.21.193', '', '01-04-21', 0, 0, 0, NULL, 2),
(60, '09:56 AM', '10:00 AM', '39.38.21.193', '', '01-04-21', 0, 0, 0, NULL, 5),
(61, '15:32 PM', '15:37 PM', '39.38.41.214', '', '05-04-21', 0, 0, 0, NULL, 3),
(62, '10:59 AM', '13:04 PM', '39.38.29.100', '', '16-04-21', 0, 0, 0, NULL, 5),
(63, '10:39 AM', '10:52 AM', '137.59.222.189', '', '17-04-21', 0, 0, 0, NULL, 3),
(64, '10:53 AM', '11:16 AM', '137.59.222.189', '', '17-04-21', 0, 0, 0, NULL, 3),
(65, '11:16 AM', '11:19 AM', '137.59.222.189', '', '17-04-21', 0, 0, 0, NULL, 2),
(66, '11:19 AM', '14:05 PM', '137.59.222.189', '', '17-04-21', 0, 0, 0, NULL, 3),
(67, '12:32 PM', '13:57 PM', '137.59.222.189', '', '17-04-21', 0, 0, 0, NULL, 5),
(68, '13:09 PM', '13:54 PM', '39.38.14.228', '', '17-04-21', 0, 0, 0, NULL, 6),
(69, '07:18 AM', '08:05 AM', '39.38.46.92', '', '19-04-21', 0, 0, 0, NULL, 7),
(70, '16:18 PM', '16:39 PM', '111.119.183.22', '', '19-04-21', 0, 0, 0, NULL, 7),
(71, '16:53 PM', '17:03 PM', '111.119.183.22', '', '19-04-21', 0, 0, 0, NULL, 2),
(72, '17:04 PM', '17:12 PM', '111.119.183.22', '', '19-04-21', 0, 0, 0, NULL, 4),
(73, '08:08 AM', '08:11 AM', '39.38.6.17', '', '20-04-21', 0, 0, 0, NULL, 8),
(74, '08:11 AM', '08:24 AM', '39.38.6.17', '', '20-04-21', 0, 0, 0, NULL, 8),
(75, '08:24 AM', '08:26 AM', '39.38.6.17', '', '20-04-21', 0, 0, 0, NULL, 8),
(76, '08:26 AM', '08:45 AM', '39.38.6.17', '', '20-04-21', 0, 0, 0, NULL, 8),
(77, '08:45 AM', '08:46 AM', '137.59.222.189', '', '20-04-21', 0, 0, 0, NULL, 8),
(78, '08:47 AM', '09:27 AM', '137.59.222.189', '', '20-04-21', 0, 0, 0, NULL, 8),
(79, '09:24 AM', NULL, '39.38.6.17', '', '20-04-21', 0, 0, 0, NULL, 7),
(80, '09:27 AM', '09:30 AM', '137.59.222.189', '', '20-04-21', 0, 0, 0, NULL, 8),
(81, '09:30 AM', '09:31 AM', '137.59.222.189', '', '20-04-21', 0, 0, 0, NULL, 8),
(82, '09:31 AM', '09:31 AM', '137.59.222.189', '', '20-04-21', 0, 0, 0, NULL, 8),
(83, '09:31 AM', '09:34 AM', '137.59.222.189', '', '20-04-21', 0, 0, 0, NULL, 8),
(84, '09:34 AM', '09:37 AM', '137.59.222.189', '', '20-04-21', 0, 0, 0, NULL, 8),
(85, '09:36 AM', '09:42 AM', '39.38.6.17', '', '20-04-21', 0, 0, 0, NULL, 7),
(86, '09:37 AM', '09:37 AM', '137.59.222.189', '', '20-04-21', 0, 0, 0, NULL, 8),
(87, '09:37 AM', '09:38 AM', '137.59.222.189', '', '20-04-21', 0, 0, 0, NULL, 8),
(88, '09:38 AM', '09:39 AM', '137.59.222.189', '', '20-04-21', 0, 0, 0, NULL, 8),
(89, '09:40 AM', '09:41 AM', '137.59.222.189', '', '20-04-21', 0, 0, 0, NULL, 8),
(90, '09:41 AM', '09:42 AM', '137.59.222.189', '', '20-04-21', 0, 0, 0, NULL, 8),
(91, '09:42 AM', '09:43 AM', '137.59.222.189', '', '20-04-21', 0, 0, 0, NULL, 8),
(92, '09:44 AM', '09:46 AM', '137.59.222.189', '', '20-04-21', 0, 0, 0, NULL, 8),
(93, '09:46 AM', '10:51 AM', '137.59.222.189', '', '20-04-21', 0, 0, 0, NULL, 8),
(94, '14:22 PM', '14:53 PM', '182.182.17.227', '', '20-04-21', 0, 0, 0, NULL, 7),
(95, '14:53 PM', '14:59 PM', '182.182.17.227', '', '20-04-21', 0, 0, 0, NULL, 2),
(96, '07:29 AM', '07:48 AM', '39.38.26.110', '', '21-04-21', 0, 0, 0, NULL, 7),
(97, '07:48 AM', '08:27 AM', '39.38.26.110', '', '21-04-21', 0, 0, 0, NULL, 2),
(98, '08:28 AM', '08:45 AM', '39.38.26.110', '', '21-04-21', 0, 0, 0, NULL, 5),
(99, '10:37 AM', '10:41 AM', '39.38.2.88', '', '28-04-21', 0, 0, 0, NULL, 2),
(100, '10:41 AM', '12:03 PM', '39.38.2.88', '', '28-04-21', 0, 0, 0, NULL, 2),
(101, '11:48 AM', '13:25 PM', '39.38.2.88', '', '28-04-21', 0, 0, 0, NULL, 7),
(102, '12:05 PM', '12:39 PM', '39.38.2.88', '', '28-04-21', 0, 0, 0, NULL, 2),
(103, '12:39 PM', '12:59 PM', '39.38.2.88', '', '28-04-21', 0, 0, 0, NULL, 2),
(104, '13:02 PM', '13:26 PM', '39.38.2.88', '', '28-04-21', 0, 0, 0, NULL, 7),
(105, '13:26 PM', '13:35 PM', '39.38.2.88', '', '28-04-21', 0, 0, 0, NULL, 7),
(106, '13:38 PM', '14:00 PM', '39.38.2.88', '', '28-04-21', 0, 0, 0, NULL, 2),
(107, '11:42 AM', '14:15 PM', '39.38.57.151', '', '01-05-21', 0, 0, 0, NULL, 2),
(108, '09:47 AM', '09:47 AM', '198.16.66.140', '', '04-05-21', 0, 0, 0, NULL, 8),
(109, '09:49 AM', '10:04 AM', '198.16.66.140', '', '04-05-21', 0, 0, 0, NULL, 8),
(110, '10:10 AM', '10:10 AM', '198.16.66.140', '', '04-05-21', 0, 0, 0, NULL, 8),
(111, '10:10 AM', '10:11 AM', '198.16.66.140', '', '04-05-21', 0, 0, 0, NULL, 8),
(112, '12:18 PM', '12:55 PM', '39.38.55.32', '', '04-05-21', 0, 0, 0, NULL, 9),
(113, '11:35 AM', '11:40 AM', '39.38.47.73', '', '05-05-21', 0, 0, 0, NULL, 9),
(114, '11:40 AM', '13:55 PM', '39.38.47.73', '', '05-05-21', 0, 0, 0, NULL, 8),
(115, '10:17 AM', NULL, '50.7.93.27', '', '21-05-21', 0, 0, 0, NULL, 8),
(116, '17:23 PM', '17:24 PM', '39.38.6.18', '', '02-06-21', 0, 0, 0, NULL, 11),
(117, '10:15 AM', '10:54 AM', '39.38.37.82', '', '03-06-21', 0, 0, 0, NULL, 11),
(118, '10:54 AM', '10:55 AM', '39.38.37.82', '', '03-06-21', 0, 0, 0, NULL, 11),
(119, '10:56 AM', '13:31 PM', '39.38.37.82', '', '03-06-21', 0, 0, 0, NULL, 11),
(120, '12:21 PM', '16:03 PM', '39.38.37.82', '', '03-06-21', 0, 0, 0, NULL, 10),
(121, '13:32 PM', '14:01 PM', '39.38.37.82', '', '03-06-21', 0, 0, 0, NULL, 9),
(122, '14:01 PM', '16:02 PM', '39.38.37.82', '', '03-06-21', 0, 0, 0, NULL, 8),
(123, '14:39 PM', '14:41 PM', '39.38.58.60', '', '12-06-21', 0, 0, 0, NULL, 9),
(124, '14:41 PM', '16:30 PM', '39.38.58.60', '', '12-06-21', 0, 0, 0, NULL, 11),
(125, '13:04 PM', NULL, '39.38.30.239', '', '25-06-21', 0, 0, 0, NULL, 11),
(126, '10:56 AM', '11:55 AM', '::1', '', '04-08-21', 0, 0, 0, NULL, 8),
(127, '12:20 PM', '17:39 PM', '::1', '', '04-08-21', 0, 0, 0, NULL, 11),
(128, '15:15 PM', '17:13 PM', '::1', '', '05-08-21', 0, 0, 0, NULL, 10),
(129, '12:08 PM', '18:28 PM', '::1', '', '07-08-21', 0, 0, 0, NULL, 8),
(130, '11:46 AM', '15:18 PM', '::1', '', '09-08-21', 0, 0, 0, NULL, 8);

-- --------------------------------------------------------

--
-- Table structure for table `balance`
--

CREATE TABLE `balance` (
  `id` int(11) NOT NULL,
  `amount` varchar(255) NOT NULL,
  `month` varchar(255) NOT NULL
) ENGINE=MyISAM DEFAULT CHARSET=latin1;

--
-- Dumping data for table `balance`
--

INSERT INTO `balance` (`id`, `amount`, `month`) VALUES
(1, '-13282', '02-21');

-- --------------------------------------------------------

--
-- Table structure for table `categories`
--

CREATE TABLE `categories` (
  `cat_id` int(11) NOT NULL,
  `cat_name` varchar(255) NOT NULL
) ENGINE=InnoDB DEFAULT CHARSET=utf8mb4;

--
-- Dumping data for table `categories`
--

INSERT INTO `categories` (`cat_id`, `cat_name`) VALUES
(2, 'web developer'),
(3, 'web designing'),
(4, 'graphic designing'),
(5, 'Coordinator '),
(6, 'Data Entry '),
(7, 'Office Assistant '),
(8, 'React developer'),
(9, 'Quality control'),
(10, 'Office Boy');

-- --------------------------------------------------------

--
-- Table structure for table `clients`
--

CREATE TABLE `clients` (
  `id` int(11) NOT NULL,
  `name` varchar(255) NOT NULL,
  `email` varchar(255) NOT NULL,
  `contact` varchar(255) NOT NULL,
  `address` text NOT NULL,
  `status` int(11) NOT NULL
) ENGINE=MyISAM DEFAULT CHARSET=latin1;

--
-- Dumping data for table `clients`
--

INSERT INTO `clients` (`id`, `name`, `email`, `contact`, `address`, `status`) VALUES
(1, 'Munna', '', '1234567889', '', 0),
(2, 'test', '', '86565343', '', 0),
(3, 'test', '', '4342434', '', 0),
(4, 'test', '', '323232', '', 0),
(5, 'asd', '', '2131', '', 0),
(6, 'Quotation 1', '', '0', '', 0),
(7, 'qwerty', '', '0', '', 0),
(8, 'Dexter', '', '00', '', 0),
(9, 'Test', '', '03332632466', '', 0);

-- --------------------------------------------------------

--
-- Table structure for table `designations`
--

CREATE TABLE `designations` (
  `designation_id` int(11) NOT NULL,
  `designation` varchar(255) NOT NULL
) ENGINE=MyISAM DEFAULT CHARSET=latin1;

--
-- Dumping data for table `designations`
--

INSERT INTO `designations` (`designation_id`, `designation`) VALUES
(1, 'web developer'),
(2, 'web designer'),
(3, 'software developer'),
(4, 'coordinator'),
(5, 'graphic designer'),
(6, 'web designer'),
(7, 'software developer'),
(8, 'coordinator'),
(9, 'web developer'),
(10, 'coordinator'),
(11, 'coordinator'),
(12, 'software developer'),
(13, 'coordinator'),
(14, 'web developer'),
(15, 'web developer'),
(16, 'web developer'),
(17, 'web developer'),
(18, 'web developer'),
(19, 'software developer'),
(20, '2'),
(21, '3'),
(22, '4'),
(23, '2'),
(24, '9'),
(25, '3'),
(26, '5'),
(27, '9'),
(28, '2'),
(29, '9'),
(30, '2'),
(31, '4'),
(32, '2'),
(33, '2'),
(34, '2'),
(35, '2'),
(36, '3'),
(37, '2');

-- --------------------------------------------------------

--
-- Table structure for table `events`
--

CREATE TABLE `events` (
  `id` int(11) NOT NULL,
  `title` varchar(255) NOT NULL,
  `description` varchar(255) NOT NULL,
  `start_event` date NOT NULL,
  `end_event` date NOT NULL,
  `user_id` int(11) NOT NULL
) ENGINE=InnoDB DEFAULT CHARSET=latin1;

--
-- Dumping data for table `events`
--

INSERT INTO `events` (`id`, `title`, `description`, `start_event`, `end_event`, `user_id`) VALUES
(6, 'Testing at 3:00', '', '2021-03-12', '2021-03-13', 0),
(7, 'Meeting at 3:00', '', '2021-03-04', '2021-03-05', 0),
(8, 'Meeting2', '', '2021-03-04', '2021-03-05', 0),
(12, 'Testng', 'TEst', '2021-03-08', '2021-03-09', 0),
(13, 'Meeting 3 at 9:00am', 'For sales', '2021-03-09', '2021-03-10', 0),
(14, 'Testng', '', '2021-03-03', '2021-03-04', 0),
(15, 'testng', '', '2021-03-03', '2021-03-04', 0),
(16, 'test', '', '2021-03-10', '2021-03-11', 0),
(23, 'Meeting at 3:00', 'Taskly Project', '2021-03-10', '2021-03-12', 5),
(24, '9april', 'description', '2021-04-09', '2021-04-10', 1),
(25, 'saf', 'saf', '2021-03-31', '2021-04-01', 1),
(26, 'sfs', 'sdf', '2021-03-30', '2021-03-31', 1),
(27, 'uhknflwe', 'dkvbibwe', '2021-04-20', '2021-04-21', 1);

-- --------------------------------------------------------

--
-- Table structure for table `leaves`
--

CREATE TABLE `leaves` (
  `leave_id` int(11) NOT NULL,
  `from_date` varchar(255) NOT NULL,
  `to_date` varchar(255) NOT NULL,
  `leave_days` int(11) NOT NULL,
  `reason_of_leave` text NOT NULL,
  `user_id` int(11) NOT NULL,
  `app_leave` int(11) NOT NULL DEFAULT 0,
  `rej_leave` int(11) NOT NULL DEFAULT 0,
  `with_pay` int(11) NOT NULL DEFAULT 0,
  `without_pay` int(11) NOT NULL DEFAULT 0,
  `leave_status` int(11) NOT NULL DEFAULT 0,
  `insert_datetime` timestamp NOT NULL DEFAULT current_timestamp() ON UPDATE current_timestamp()
) ENGINE=InnoDB DEFAULT CHARSET=utf8mb4;

--
-- Dumping data for table `leaves`
--

INSERT INTO `leaves` (`leave_id`, `from_date`, `to_date`, `leave_days`, `reason_of_leave`, `user_id`, `app_leave`, `rej_leave`, `with_pay`, `without_pay`, `leave_status`, `insert_datetime`) VALUES
(1, '05/01/2021', '05/02/2021', 2, 'sick', 8, 1, 0, 0, 2, 1, '2021-05-04 04:59:40'),
(2, '05/01/2021', '04/26/2021', 6, 'sss', 8, 0, 1, 0, 0, 1, '2021-08-04 05:36:38'),
(3, '04/25/2021', '04/02/2021', 24, 'ss', 8, 1, 0, 1, 1, 1, '2021-08-04 07:26:08'),
(4, '05/01/2021', '04/26/2021', 6, 'ddsd', 8, 0, 1, 0, 0, 1, '2021-08-04 07:34:24'),
(5, '06/14/2021', '06/19/2021', 6, '-', 11, 0, 1, 0, 0, 1, '2021-06-12 09:42:47'),
(6, '06/14/2021', '06/19/2021', 6, '-', 11, 1, 0, 2, 4, 1, '2021-06-12 09:45:25'),
(7, '06/21/2021', '06/23/2021', 3, '-', 11, 1, 0, 0, 3, 1, '2021-06-12 10:05:16'),
(8, '08/04/2021', '08/08/2021', 5, 'Brother Marriage', 11, 1, 0, 3, 2, 1, '2021-08-04 07:22:19'),
(9, '08/04/2021', '08/10/2021', 7, 'Brother Marriage', 11, 1, 0, 4, 3, 1, '2021-08-04 07:25:44'),
(10, '08/04/2021', '08/20/2021', 17, 'going for abroad', 11, 1, 0, 7, 10, 1, '2021-08-04 07:33:49'),
(11, '08/04/2021', '08/25/2021', 22, 'going on trip', 11, 0, 0, 0, 0, 0, '2021-08-04 07:40:36'),
(12, '08/04/2021', '08/10/2021', 7, 'asdasd', 1, 0, 0, 0, 0, 0, '2021-08-05 01:49:23'),
(13, '08/04/2021', '08/10/2021', 7, 'this is awsome', 1, 0, 0, 0, 0, 0, '2021-08-05 01:51:42'),
(14, '08/05/2021', '08/10/2021', 6, 'asass', 1, 0, 0, 0, 0, 0, '2021-08-05 01:53:04'),
(15, '08/05/2021', '08/10/2021', 6, 'aaaa', 1, 0, 0, 0, 0, 0, '2021-08-05 01:53:40'),
(16, '08/05/2021', '08/10/2021', 6, 'aaaa', 1, 0, 1, 0, 0, 1, '2021-08-05 10:08:54'),
(17, '08/05/2021', '08/10/2021', 6, 'aaaa', 1, 0, 0, 0, 0, 0, '2021-08-05 02:19:09'),
(18, '08/08/2021', '08/16/2021', 9, 'sss', 1, 0, 0, 0, 0, 0, '2021-08-05 02:19:57'),
(19, '08/05/2021', '08/14/2021', 10, 'aaaa', 1, 0, 0, 0, 0, 0, '2021-08-05 02:23:34'),
(20, '08/05/2021', '08/13/2021', 9, 'ddd', 1, 0, 0, 0, 0, 0, '2021-08-05 02:24:49'),
(21, '08/05/2021', '08/15/2021', 11, 'aaa', 1, 0, 0, 0, 0, 0, '2021-08-05 02:26:54'),
(22, '08/05/2021', '08/14/2021', 10, 'aaa', 1, 0, 0, 0, 0, 0, '2021-08-05 02:28:20'),
(23, '08/05/2021', '08/23/2021', 19, 'aaa', 1, 0, 0, 0, 0, 0, '2021-08-05 02:31:31'),
(24, '08/05/2021', '08/23/2021', 19, 'aaaa', 1, 0, 0, 0, 0, 0, '2021-08-05 02:38:08'),
(25, '08/05/2021', '08/10/2021', 6, 'aaaa', 1, 0, 0, 0, 0, 0, '2021-08-05 02:38:40'),
(26, '08/05/2021', '08/30/2021', 26, 'sd', 1, 0, 0, 0, 0, 0, '2021-08-05 02:39:39'),
(27, '08/05/2021', '08/13/2021', 9, 'ffff', 1, 0, 0, 0, 0, 0, '2021-08-05 02:40:18'),
(28, '08/05/2021', '08/30/2021', 26, 'sss', 1, 0, 0, 0, 0, 0, '2021-08-05 02:42:02'),
(29, '08/05/2021', '08/30/2021', 26, 'fff', 1, 0, 0, 0, 0, 0, '2021-08-05 02:43:31'),
(30, '08/05/2021', '08/14/2021', 10, 'ssd', 1, 0, 0, 0, 0, 0, '2021-08-05 02:44:45'),
(31, '08/05/2021', '08/13/2021', 9, 'ggg', 1, 0, 0, 0, 0, 0, '2021-08-05 02:46:25'),
(32, '08/10/2021', '08/26/2021', 17, 'ggh', 1, 0, 0, 0, 0, 0, '2021-08-05 02:47:08'),
(33, '08/05/2021', '08/14/2021', 10, '5', 1, 0, 0, 0, 0, 0, '2021-08-05 02:48:29'),
(34, '08/05/2021', '08/13/2021', 9, '15', 1, 0, 0, 0, 0, 0, '2021-08-05 02:49:48'),
(35, '08/05/2021', '08/10/2021', 6, 'ss', 1, 0, 0, 0, 0, 0, '2021-08-05 02:52:39'),
(36, '08/05/2021', '08/10/2021', 6, 'ssd', 1, 0, 0, 0, 0, 0, '2021-08-05 02:54:58'),
(37, '08/05/2021', '08/13/2021', 9, 'ss', 1, 0, 0, 0, 0, 0, '2021-08-05 02:55:47'),
(38, '08/05/2021', '08/10/2021', 6, 'sd', 1, 0, 0, 0, 0, 0, '2021-08-05 02:56:47'),
(39, '08/05/2021', '08/14/2021', 10, 'tt', 1, 0, 0, 0, 0, 0, '2021-08-05 02:57:39'),
(40, '08/01/2021', '08/10/2021', 10, 'tt', 1, 0, 0, 0, 0, 0, '2021-08-05 02:59:01'),
(41, '08/05/2021', '08/13/2021', 9, 'tt', 1, 0, 0, 0, 0, 0, '2021-08-05 03:00:27'),
(42, '08/04/2021', '08/14/2021', 11, 'yyy', 1, 0, 0, 0, 0, 0, '2021-08-05 03:00:51'),
(43, '08/05/2021', '08/13/2021', 9, 'sss', 1, 0, 0, 0, 0, 0, '2021-08-05 03:03:17'),
(44, '08/05/2021', '08/15/2021', 11, 'hhh', 1, 0, 0, 0, 0, 0, '2021-08-05 03:03:57'),
(45, '08/05/2021', '08/10/2021', 6, 'ggg\r\n', 1, 0, 0, 0, 0, 0, '2021-08-05 03:04:26'),
(46, '08/05/2021', '08/13/2021', 9, 'jj', 1, 0, 0, 0, 0, 0, '2021-08-05 03:05:18'),
(47, '08/05/2021', '08/13/2021', 9, '777', 1, 0, 0, 0, 0, 0, '2021-08-05 03:09:13'),
(48, '08/05/2021', '08/13/2021', 9, '777', 1, 0, 0, 0, 0, 0, '2021-08-05 03:09:15'),
(49, '08/05/2021', '08/13/2021', 9, '777', 1, 0, 0, 0, 0, 0, '2021-08-05 03:09:16'),
(50, '08/05/2021', '08/13/2021', 9, '777', 1, 0, 0, 0, 0, 0, '2021-08-05 03:09:18'),
(51, '08/05/2021', '08/13/2021', 9, '777', 1, 0, 0, 0, 0, 0, '2021-08-05 03:09:19'),
(52, '08/05/2021', '08/13/2021', 9, '777', 1, 0, 0, 0, 0, 0, '2021-08-05 03:09:21'),
(53, '08/05/2021', '08/13/2021', 9, '777', 1, 0, 0, 0, 0, 0, '2021-08-05 03:09:22'),
(54, '08/05/2021', '08/13/2021', 9, '777', 1, 0, 0, 0, 0, 0, '2021-08-05 03:09:24'),
(55, '08/05/2021', '08/13/2021', 9, '777', 1, 0, 0, 0, 0, 0, '2021-08-05 03:09:25'),
(56, '08/05/2021', '08/13/2021', 9, '777', 1, 0, 0, 0, 0, 0, '2021-08-05 03:09:27'),
(57, '08/05/2021', '08/13/2021', 9, '777', 1, 0, 0, 0, 0, 0, '2021-08-05 03:09:28'),
(58, '08/05/2021', '08/13/2021', 9, '777', 1, 0, 0, 0, 0, 0, '2021-08-05 03:09:30'),
(59, '08/05/2021', '08/13/2021', 9, '777', 1, 0, 0, 0, 0, 0, '2021-08-05 03:09:31'),
(60, '08/05/2021', '08/13/2021', 9, '777', 1, 0, 0, 0, 0, 0, '2021-08-05 03:09:33'),
(61, '08/05/2021', '08/14/2021', 10, 'hn', 1, 0, 0, 0, 0, 0, '2021-08-05 03:12:00'),
(62, '08/05/2021', '08/13/2021', 9, 'lll', 1, 0, 0, 0, 0, 0, '2021-08-05 03:18:13'),
(63, '08/5/2021', '08/14/2021', 10, 'SSS', 1, 0, 0, 0, 0, 0, '2021-08-05 03:52:03'),
(64, '08/05/2021', '08/13/2021', 9, 'lllk', 1, 0, 0, 0, 0, 0, '2021-08-05 03:57:20'),
(65, '08/15/2021', '08/30/2021', 16, 'kk', 1, 0, 0, 0, 0, 0, '2021-08-05 03:58:07'),
(66, '08/15/2021', '08/30/2021', 16, 'kj', 1, 0, 0, 0, 0, 0, '2021-08-05 03:58:37'),
(67, '08/05/2021', '08/13/2021', 9, 'kj', 1, 0, 0, 0, 0, 0, '2021-08-05 04:03:00'),
(68, '08/05/2021', '08/30/2021', 26, 'll', 1, 0, 0, 0, 0, 0, '2021-08-05 04:03:50'),
(69, '08/05/2021', '08/12/2021', 8, 'kj', 1, 0, 0, 0, 0, 0, '2021-08-05 04:04:26'),
(70, '08/05/2021', '08/10/2021', 6, 'oo', 1, 0, 0, 0, 0, 0, '2021-08-05 04:05:11'),
(71, '08/05/2021', '08/30/2021', 26, 'SSS', 1, 0, 0, 0, 0, 0, '2021-08-05 04:15:24'),
(72, '08/09/2021', '08/13/2021', 5, 'kjh', 1, 0, 0, 0, 0, 0, '2021-08-05 04:33:39'),
(73, '08/05/2021', '08/13/2021', 9, '10', 1, 0, 0, 0, 0, 0, '2021-08-05 04:34:19'),
(74, '08/05/2021', '08/14/2021', 10, 'sdsd', 1, 0, 0, 0, 0, 0, '2021-08-05 04:48:22'),
(75, '08/05/2021', '08/13/2021', 9, 'sasd', 1, 0, 0, 0, 0, 0, '2021-08-05 04:49:53'),
(76, '08/05/2021', '08/10/2021', 6, 'sadas', 1, 0, 0, 0, 0, 0, '2021-08-05 04:55:18'),
(77, '08/05/2021', '08/10/2021', 6, 'sss', 1, 0, 0, 0, 0, 0, '2021-08-07 04:08:44'),
(78, '08/05/2021', '08/10/2021', 6, 'hhh', 8, 0, 0, 0, 0, 0, '2021-08-07 04:24:31');

-- --------------------------------------------------------

--
-- Table structure for table `leave_dates`
--

CREATE TABLE `leave_dates` (
  `leave_date_id` int(11) NOT NULL,
  `leave_date` varchar(255) NOT NULL,
  `leave_id` int(11) NOT NULL,
  `leave_date_status` int(11) NOT NULL DEFAULT 0
) ENGINE=InnoDB DEFAULT CHARSET=utf8mb4;

--
-- Dumping data for table `leave_dates`
--

INSERT INTO `leave_dates` (`leave_date_id`, `leave_date`, `leave_id`, `leave_date_status`) VALUES
(1, '01-05-2021', 1, 1),
(2, '02-05-2021', 3, 1),
(3, '14-06-2021', 3, 2),
(4, '15-06-2021', 4, 1),
(5, '16-06-2021', 4, 1),
(6, '17-06-2021', 5, 1),
(7, '18-06-2021', 5, 1),
(8, '19-06-2021', 5, 1),
(9, '14-06-2021', 6, 2),
(10, '15-06-2021', 6, 2),
(11, '16-06-2021', 6, 1),
(12, '17-06-2021', 6, 1),
(13, '18-06-2021', 6, 1),
(14, '19-06-2021', 6, 1),
(15, '21-06-2021', 7, 1),
(16, '22-06-2021', 7, 1),
(17, '23-06-2021', 7, 1),
(18, '04-08-2021', 8, 1),
(19, '05-08-2021', 8, 1),
(20, '06-08-2021', 8, 2),
(21, '07-08-2021', 8, 2),
(22, '08-08-2021', 8, 2),
(23, '04-08-2021', 9, 1),
(24, '05-08-2021', 9, 1),
(25, '06-08-2021', 9, 1),
(26, '07-08-2021', 9, 2),
(27, '08-08-2021', 9, 2),
(28, '09-08-2021', 9, 2),
(29, '10-08-2021', 9, 2),
(30, '04-08-2021', 10, 1),
(31, '05-08-2021', 10, 1),
(32, '06-08-2021', 10, 1),
(33, '07-08-2021', 10, 1),
(34, '08-08-2021', 10, 1),
(35, '09-08-2021', 10, 1),
(36, '10-08-2021', 10, 1),
(37, '11-08-2021', 10, 1),
(38, '12-08-2021', 10, 1),
(39, '13-08-2021', 10, 1),
(40, '14-08-2021', 10, 2),
(41, '15-08-2021', 10, 2),
(42, '16-08-2021', 10, 2),
(43, '17-08-2021', 10, 2),
(44, '18-08-2021', 10, 2),
(45, '19-08-2021', 10, 2),
(46, '20-08-2021', 10, 2),
(47, '04-08-2021', 11, 0),
(48, '05-08-2021', 11, 0),
(49, '06-08-2021', 11, 0),
(50, '07-08-2021', 11, 0),
(51, '08-08-2021', 11, 0),
(52, '09-08-2021', 11, 0),
(53, '10-08-2021', 11, 0),
(54, '11-08-2021', 11, 0),
(55, '12-08-2021', 11, 0),
(56, '13-08-2021', 11, 0),
(57, '14-08-2021', 11, 0),
(58, '15-08-2021', 11, 0),
(59, '16-08-2021', 11, 0),
(60, '17-08-2021', 11, 0),
(61, '18-08-2021', 11, 0),
(62, '19-08-2021', 11, 0),
(63, '20-08-2021', 11, 0),
(64, '21-08-2021', 11, 0),
(65, '22-08-2021', 11, 0),
(66, '23-08-2021', 11, 0),
(67, '24-08-2021', 11, 0),
(68, '25-08-2021', 11, 0),
(69, '04-08-2021', 12, 0),
(70, '05-08-2021', 12, 0),
(71, '06-08-2021', 12, 0),
(72, '07-08-2021', 12, 0),
(73, '08-08-2021', 12, 0),
(74, '09-08-2021', 12, 0),
(75, '10-08-2021', 12, 0),
(76, '04-08-2021', 13, 0),
(77, '05-08-2021', 13, 0),
(78, '06-08-2021', 13, 0),
(79, '07-08-2021', 13, 0),
(80, '08-08-2021', 13, 0),
(81, '09-08-2021', 13, 0),
(82, '10-08-2021', 13, 0),
(83, '05-08-2021', 14, 0),
(84, '06-08-2021', 14, 0),
(85, '07-08-2021', 14, 0),
(86, '08-08-2021', 14, 0),
(87, '09-08-2021', 14, 0),
(88, '10-08-2021', 14, 0),
(89, '05-08-2021', 15, 0),
(90, '06-08-2021', 15, 0),
(91, '07-08-2021', 15, 0),
(92, '08-08-2021', 15, 0),
(93, '09-08-2021', 15, 0),
(94, '10-08-2021', 15, 0),
(95, '05-08-2021', 16, 1),
(96, '06-08-2021', 16, 1),
(97, '07-08-2021', 16, 1),
(98, '08-08-2021', 16, 1),
(99, '09-08-2021', 16, 1),
(100, '10-08-2021', 16, 1),
(101, '05-08-2021', 17, 0),
(102, '06-08-2021', 17, 0),
(103, '07-08-2021', 17, 0),
(104, '08-08-2021', 17, 0),
(105, '09-08-2021', 17, 0),
(106, '10-08-2021', 17, 0),
(107, '08-08-2021', 18, 0),
(108, '09-08-2021', 18, 0),
(109, '10-08-2021', 18, 0),
(110, '11-08-2021', 18, 0),
(111, '12-08-2021', 18, 0),
(112, '13-08-2021', 18, 0),
(113, '14-08-2021', 18, 0),
(114, '15-08-2021', 18, 0),
(115, '16-08-2021', 18, 0),
(116, '05-08-2021', 19, 0),
(117, '06-08-2021', 19, 0),
(118, '07-08-2021', 19, 0),
(119, '08-08-2021', 19, 0),
(120, '09-08-2021', 19, 0),
(121, '10-08-2021', 19, 0),
(122, '11-08-2021', 19, 0),
(123, '12-08-2021', 19, 0),
(124, '13-08-2021', 19, 0),
(125, '14-08-2021', 19, 0),
(126, '05-08-2021', 20, 0),
(127, '06-08-2021', 20, 0),
(128, '07-08-2021', 20, 0),
(129, '08-08-2021', 20, 0),
(130, '09-08-2021', 20, 0),
(131, '10-08-2021', 20, 0),
(132, '11-08-2021', 20, 0),
(133, '12-08-2021', 20, 0),
(134, '13-08-2021', 20, 0),
(135, '05-08-2021', 21, 0),
(136, '06-08-2021', 21, 0),
(137, '07-08-2021', 21, 0),
(138, '08-08-2021', 21, 0),
(139, '09-08-2021', 21, 0),
(140, '10-08-2021', 21, 0),
(141, '11-08-2021', 21, 0),
(142, '12-08-2021', 21, 0),
(143, '13-08-2021', 21, 0),
(144, '14-08-2021', 21, 0),
(145, '15-08-2021', 21, 0),
(146, '05-08-2021', 22, 0),
(147, '06-08-2021', 22, 0),
(148, '07-08-2021', 22, 0),
(149, '08-08-2021', 22, 0),
(150, '09-08-2021', 22, 0),
(151, '10-08-2021', 22, 0),
(152, '11-08-2021', 22, 0),
(153, '12-08-2021', 22, 0),
(154, '13-08-2021', 22, 0),
(155, '14-08-2021', 22, 0),
(156, '05-08-2021', 23, 0),
(157, '06-08-2021', 23, 0),
(158, '07-08-2021', 23, 0),
(159, '08-08-2021', 23, 0),
(160, '09-08-2021', 23, 0),
(161, '10-08-2021', 23, 0),
(162, '11-08-2021', 23, 0),
(163, '12-08-2021', 23, 0),
(164, '13-08-2021', 23, 0),
(165, '14-08-2021', 23, 0),
(166, '15-08-2021', 23, 0),
(167, '16-08-2021', 23, 0),
(168, '17-08-2021', 23, 0),
(169, '18-08-2021', 23, 0),
(170, '19-08-2021', 23, 0),
(171, '20-08-2021', 23, 0),
(172, '21-08-2021', 23, 0),
(173, '22-08-2021', 23, 0),
(174, '23-08-2021', 23, 0),
(175, '05-08-2021', 24, 0),
(176, '06-08-2021', 24, 0),
(177, '07-08-2021', 24, 0),
(178, '08-08-2021', 24, 0),
(179, '09-08-2021', 24, 0),
(180, '10-08-2021', 24, 0),
(181, '11-08-2021', 24, 0),
(182, '12-08-2021', 24, 0),
(183, '13-08-2021', 24, 0),
(184, '14-08-2021', 24, 0),
(185, '15-08-2021', 24, 0),
(186, '16-08-2021', 24, 0),
(187, '17-08-2021', 24, 0),
(188, '18-08-2021', 24, 0),
(189, '19-08-2021', 24, 0),
(190, '20-08-2021', 24, 0),
(191, '21-08-2021', 24, 0),
(192, '22-08-2021', 24, 0),
(193, '23-08-2021', 24, 0),
(194, '05-08-2021', 25, 0),
(195, '06-08-2021', 25, 0),
(196, '07-08-2021', 25, 0),
(197, '08-08-2021', 25, 0),
(198, '09-08-2021', 25, 0),
(199, '10-08-2021', 25, 0),
(200, '05-08-2021', 26, 0),
(201, '06-08-2021', 26, 0),
(202, '07-08-2021', 26, 0),
(203, '08-08-2021', 26, 0),
(204, '09-08-2021', 26, 0),
(205, '10-08-2021', 26, 0),
(206, '11-08-2021', 26, 0),
(207, '12-08-2021', 26, 0),
(208, '13-08-2021', 26, 0),
(209, '14-08-2021', 26, 0),
(210, '15-08-2021', 26, 0),
(211, '16-08-2021', 26, 0),
(212, '17-08-2021', 26, 0),
(213, '18-08-2021', 26, 0),
(214, '19-08-2021', 26, 0),
(215, '20-08-2021', 26, 0),
(216, '21-08-2021', 26, 0),
(217, '22-08-2021', 26, 0),
(218, '23-08-2021', 26, 0),
(219, '24-08-2021', 26, 0),
(220, '25-08-2021', 26, 0),
(221, '26-08-2021', 26, 0),
(222, '27-08-2021', 26, 0),
(223, '28-08-2021', 26, 0),
(224, '29-08-2021', 26, 0),
(225, '30-08-2021', 26, 0),
(226, '05-08-2021', 27, 0),
(227, '06-08-2021', 27, 0),
(228, '07-08-2021', 27, 0),
(229, '08-08-2021', 27, 0),
(230, '09-08-2021', 27, 0),
(231, '10-08-2021', 27, 0),
(232, '11-08-2021', 27, 0),
(233, '12-08-2021', 27, 0),
(234, '13-08-2021', 27, 0),
(235, '05-08-2021', 28, 0),
(236, '06-08-2021', 28, 0),
(237, '07-08-2021', 28, 0),
(238, '08-08-2021', 28, 0),
(239, '09-08-2021', 28, 0),
(240, '10-08-2021', 28, 0),
(241, '11-08-2021', 28, 0),
(242, '12-08-2021', 28, 0),
(243, '13-08-2021', 28, 0),
(244, '14-08-2021', 28, 0),
(245, '15-08-2021', 28, 0),
(246, '16-08-2021', 28, 0),
(247, '17-08-2021', 28, 0),
(248, '18-08-2021', 28, 0),
(249, '19-08-2021', 28, 0),
(250, '20-08-2021', 28, 0),
(251, '21-08-2021', 28, 0),
(252, '22-08-2021', 28, 0),
(253, '23-08-2021', 28, 0),
(254, '24-08-2021', 28, 0),
(255, '25-08-2021', 28, 0),
(256, '26-08-2021', 28, 0),
(257, '27-08-2021', 28, 0),
(258, '28-08-2021', 28, 0),
(259, '29-08-2021', 28, 0),
(260, '30-08-2021', 28, 0),
(261, '05-08-2021', 29, 0),
(262, '06-08-2021', 29, 0),
(263, '07-08-2021', 29, 0),
(264, '08-08-2021', 29, 0),
(265, '09-08-2021', 29, 0),
(266, '10-08-2021', 29, 0),
(267, '11-08-2021', 29, 0),
(268, '12-08-2021', 29, 0),
(269, '13-08-2021', 29, 0),
(270, '14-08-2021', 29, 0),
(271, '15-08-2021', 29, 0),
(272, '16-08-2021', 29, 0),
(273, '17-08-2021', 29, 0),
(274, '18-08-2021', 29, 0),
(275, '19-08-2021', 29, 0),
(276, '20-08-2021', 29, 0),
(277, '21-08-2021', 29, 0),
(278, '22-08-2021', 29, 0),
(279, '23-08-2021', 29, 0),
(280, '24-08-2021', 29, 0),
(281, '25-08-2021', 29, 0),
(282, '26-08-2021', 29, 0),
(283, '27-08-2021', 29, 0),
(284, '28-08-2021', 29, 0),
(285, '29-08-2021', 29, 0),
(286, '30-08-2021', 29, 0),
(287, '05-08-2021', 30, 0),
(288, '06-08-2021', 30, 0),
(289, '07-08-2021', 30, 0),
(290, '08-08-2021', 30, 0),
(291, '09-08-2021', 30, 0),
(292, '10-08-2021', 30, 0),
(293, '11-08-2021', 30, 0),
(294, '12-08-2021', 30, 0),
(295, '13-08-2021', 30, 0),
(296, '14-08-2021', 30, 0),
(297, '05-08-2021', 31, 0),
(298, '06-08-2021', 31, 0),
(299, '07-08-2021', 31, 0),
(300, '08-08-2021', 31, 0),
(301, '09-08-2021', 31, 0),
(302, '10-08-2021', 31, 0),
(303, '11-08-2021', 31, 0),
(304, '12-08-2021', 31, 0),
(305, '13-08-2021', 31, 0),
(306, '10-08-2021', 32, 0),
(307, '11-08-2021', 32, 0),
(308, '12-08-2021', 32, 0),
(309, '13-08-2021', 32, 0),
(310, '14-08-2021', 32, 0),
(311, '15-08-2021', 32, 0),
(312, '16-08-2021', 32, 0),
(313, '17-08-2021', 32, 0),
(314, '18-08-2021', 32, 0),
(315, '19-08-2021', 32, 0),
(316, '20-08-2021', 32, 0),
(317, '21-08-2021', 32, 0),
(318, '22-08-2021', 32, 0),
(319, '23-08-2021', 32, 0),
(320, '24-08-2021', 32, 0),
(321, '25-08-2021', 32, 0),
(322, '26-08-2021', 32, 0),
(323, '05-08-2021', 33, 0),
(324, '06-08-2021', 33, 0),
(325, '07-08-2021', 33, 0),
(326, '08-08-2021', 33, 0),
(327, '09-08-2021', 33, 0),
(328, '10-08-2021', 33, 0),
(329, '11-08-2021', 33, 0),
(330, '12-08-2021', 33, 0),
(331, '13-08-2021', 33, 0),
(332, '14-08-2021', 33, 0),
(333, '05-08-2021', 34, 0),
(334, '06-08-2021', 34, 0),
(335, '07-08-2021', 34, 0),
(336, '08-08-2021', 34, 0),
(337, '09-08-2021', 34, 0),
(338, '10-08-2021', 34, 0),
(339, '11-08-2021', 34, 0),
(340, '12-08-2021', 34, 0),
(341, '13-08-2021', 34, 0),
(342, '05-08-2021', 35, 0),
(343, '06-08-2021', 35, 0),
(344, '07-08-2021', 35, 0),
(345, '08-08-2021', 35, 0),
(346, '09-08-2021', 35, 0),
(347, '10-08-2021', 35, 0),
(348, '05-08-2021', 36, 0),
(349, '06-08-2021', 36, 0),
(350, '07-08-2021', 36, 0),
(351, '08-08-2021', 36, 0),
(352, '09-08-2021', 36, 0),
(353, '10-08-2021', 36, 0),
(354, '05-08-2021', 37, 0),
(355, '06-08-2021', 37, 0),
(356, '07-08-2021', 37, 0),
(357, '08-08-2021', 37, 0),
(358, '09-08-2021', 37, 0),
(359, '10-08-2021', 37, 0),
(360, '11-08-2021', 37, 0),
(361, '12-08-2021', 37, 0),
(362, '13-08-2021', 37, 0),
(363, '05-08-2021', 38, 0),
(364, '06-08-2021', 38, 0),
(365, '07-08-2021', 38, 0),
(366, '08-08-2021', 38, 0),
(367, '09-08-2021', 38, 0),
(368, '10-08-2021', 38, 0),
(369, '05-08-2021', 39, 0),
(370, '06-08-2021', 39, 0),
(371, '07-08-2021', 39, 0),
(372, '08-08-2021', 39, 0),
(373, '09-08-2021', 39, 0),
(374, '10-08-2021', 39, 0),
(375, '11-08-2021', 39, 0),
(376, '12-08-2021', 39, 0),
(377, '13-08-2021', 39, 0),
(378, '14-08-2021', 39, 0),
(379, '01-08-2021', 40, 0),
(380, '02-08-2021', 40, 0),
(381, '03-08-2021', 40, 0),
(382, '04-08-2021', 40, 0),
(383, '05-08-2021', 40, 0),
(384, '06-08-2021', 40, 0),
(385, '07-08-2021', 40, 0),
(386, '08-08-2021', 40, 0),
(387, '09-08-2021', 40, 0),
(388, '10-08-2021', 40, 0),
(389, '05-08-2021', 41, 0),
(390, '06-08-2021', 41, 0),
(391, '07-08-2021', 41, 0),
(392, '08-08-2021', 41, 0),
(393, '09-08-2021', 41, 0),
(394, '10-08-2021', 41, 0),
(395, '11-08-2021', 41, 0),
(396, '12-08-2021', 41, 0),
(397, '13-08-2021', 41, 0),
(398, '04-08-2021', 42, 0),
(399, '05-08-2021', 42, 0),
(400, '06-08-2021', 42, 0),
(401, '07-08-2021', 42, 0),
(402, '08-08-2021', 42, 0),
(403, '09-08-2021', 42, 0),
(404, '10-08-2021', 42, 0),
(405, '11-08-2021', 42, 0),
(406, '12-08-2021', 42, 0),
(407, '13-08-2021', 42, 0),
(408, '14-08-2021', 42, 0),
(409, '05-08-2021', 43, 0),
(410, '06-08-2021', 43, 0),
(411, '07-08-2021', 43, 0),
(412, '08-08-2021', 43, 0),
(413, '09-08-2021', 43, 0),
(414, '10-08-2021', 43, 0),
(415, '11-08-2021', 43, 0),
(416, '12-08-2021', 43, 0),
(417, '13-08-2021', 43, 0),
(418, '05-08-2021', 44, 0),
(419, '06-08-2021', 44, 0),
(420, '07-08-2021', 44, 0),
(421, '08-08-2021', 44, 0),
(422, '09-08-2021', 44, 0),
(423, '10-08-2021', 44, 0),
(424, '11-08-2021', 44, 0),
(425, '12-08-2021', 44, 0),
(426, '13-08-2021', 44, 0),
(427, '14-08-2021', 44, 0),
(428, '15-08-2021', 44, 0),
(429, '05-08-2021', 45, 0),
(430, '06-08-2021', 45, 0),
(431, '07-08-2021', 45, 0),
(432, '08-08-2021', 45, 0),
(433, '09-08-2021', 45, 0),
(434, '10-08-2021', 45, 0),
(435, '05-08-2021', 46, 0),
(436, '06-08-2021', 46, 0),
(437, '07-08-2021', 46, 0),
(438, '08-08-2021', 46, 0),
(439, '09-08-2021', 46, 0),
(440, '10-08-2021', 46, 0),
(441, '11-08-2021', 46, 0),
(442, '12-08-2021', 46, 0),
(443, '13-08-2021', 46, 0),
(444, '05-08-2021', 47, 0),
(445, '06-08-2021', 47, 0),
(446, '07-08-2021', 47, 0),
(447, '08-08-2021', 47, 0),
(448, '09-08-2021', 47, 0),
(449, '10-08-2021', 47, 0),
(450, '11-08-2021', 47, 0),
(451, '12-08-2021', 47, 0),
(452, '13-08-2021', 47, 0),
(453, '05-08-2021', 48, 0),
(454, '06-08-2021', 48, 0),
(455, '07-08-2021', 48, 0),
(456, '08-08-2021', 48, 0),
(457, '09-08-2021', 48, 0),
(458, '10-08-2021', 48, 0),
(459, '11-08-2021', 48, 0),
(460, '12-08-2021', 48, 0),
(461, '13-08-2021', 48, 0),
(462, '05-08-2021', 49, 0),
(463, '06-08-2021', 49, 0),
(464, '07-08-2021', 49, 0),
(465, '08-08-2021', 49, 0),
(466, '09-08-2021', 49, 0),
(467, '10-08-2021', 49, 0),
(468, '11-08-2021', 49, 0),
(469, '12-08-2021', 49, 0),
(470, '13-08-2021', 49, 0),
(471, '05-08-2021', 50, 0),
(472, '06-08-2021', 50, 0),
(473, '07-08-2021', 50, 0),
(474, '08-08-2021', 50, 0),
(475, '09-08-2021', 50, 0),
(476, '10-08-2021', 50, 0),
(477, '11-08-2021', 50, 0),
(478, '12-08-2021', 50, 0),
(479, '13-08-2021', 50, 0),
(480, '05-08-2021', 51, 0),
(481, '06-08-2021', 51, 0),
(482, '07-08-2021', 51, 0),
(483, '08-08-2021', 51, 0),
(484, '09-08-2021', 51, 0),
(485, '10-08-2021', 51, 0),
(486, '11-08-2021', 51, 0),
(487, '12-08-2021', 51, 0),
(488, '13-08-2021', 51, 0),
(489, '05-08-2021', 52, 0),
(490, '06-08-2021', 52, 0),
(491, '07-08-2021', 52, 0),
(492, '08-08-2021', 52, 0),
(493, '09-08-2021', 52, 0),
(494, '10-08-2021', 52, 0),
(495, '11-08-2021', 52, 0),
(496, '12-08-2021', 52, 0),
(497, '13-08-2021', 52, 0),
(498, '05-08-2021', 53, 0),
(499, '06-08-2021', 53, 0),
(500, '07-08-2021', 53, 0),
(501, '08-08-2021', 53, 0),
(502, '09-08-2021', 53, 0),
(503, '10-08-2021', 53, 0),
(504, '11-08-2021', 53, 0),
(505, '12-08-2021', 53, 0),
(506, '13-08-2021', 53, 0),
(507, '05-08-2021', 54, 0),
(508, '06-08-2021', 54, 0),
(509, '07-08-2021', 54, 0),
(510, '08-08-2021', 54, 0),
(511, '09-08-2021', 54, 0),
(512, '10-08-2021', 54, 0),
(513, '11-08-2021', 54, 0),
(514, '12-08-2021', 54, 0),
(515, '13-08-2021', 54, 0),
(516, '05-08-2021', 55, 0),
(517, '06-08-2021', 55, 0),
(518, '07-08-2021', 55, 0),
(519, '08-08-2021', 55, 0),
(520, '09-08-2021', 55, 0),
(521, '10-08-2021', 55, 0),
(522, '11-08-2021', 55, 0),
(523, '12-08-2021', 55, 0),
(524, '13-08-2021', 55, 0),
(525, '05-08-2021', 56, 0),
(526, '06-08-2021', 56, 0),
(527, '07-08-2021', 56, 0),
(528, '08-08-2021', 56, 0),
(529, '09-08-2021', 56, 0),
(530, '10-08-2021', 56, 0),
(531, '11-08-2021', 56, 0),
(532, '12-08-2021', 56, 0),
(533, '13-08-2021', 56, 0),
(534, '05-08-2021', 57, 0),
(535, '06-08-2021', 57, 0),
(536, '07-08-2021', 57, 0),
(537, '08-08-2021', 57, 0),
(538, '09-08-2021', 57, 0),
(539, '10-08-2021', 57, 0),
(540, '11-08-2021', 57, 0),
(541, '12-08-2021', 57, 0),
(542, '13-08-2021', 57, 0),
(543, '05-08-2021', 58, 0),
(544, '06-08-2021', 58, 0),
(545, '07-08-2021', 58, 0),
(546, '08-08-2021', 58, 0),
(547, '09-08-2021', 58, 0),
(548, '10-08-2021', 58, 0),
(549, '11-08-2021', 58, 0),
(550, '12-08-2021', 58, 0),
(551, '13-08-2021', 58, 0),
(552, '05-08-2021', 59, 0),
(553, '06-08-2021', 59, 0),
(554, '07-08-2021', 59, 0),
(555, '08-08-2021', 59, 0),
(556, '09-08-2021', 59, 0),
(557, '10-08-2021', 59, 0),
(558, '11-08-2021', 59, 0),
(559, '12-08-2021', 59, 0),
(560, '13-08-2021', 59, 0),
(561, '05-08-2021', 60, 0),
(562, '06-08-2021', 60, 0),
(563, '07-08-2021', 60, 0),
(564, '08-08-2021', 60, 0),
(565, '09-08-2021', 60, 0),
(566, '10-08-2021', 60, 0),
(567, '11-08-2021', 60, 0),
(568, '12-08-2021', 60, 0),
(569, '13-08-2021', 60, 0),
(570, '05-08-2021', 61, 0),
(571, '06-08-2021', 61, 0),
(572, '07-08-2021', 61, 0),
(573, '08-08-2021', 61, 0),
(574, '09-08-2021', 61, 0),
(575, '10-08-2021', 61, 0),
(576, '11-08-2021', 61, 0),
(577, '12-08-2021', 61, 0),
(578, '13-08-2021', 61, 0),
(579, '14-08-2021', 61, 0),
(580, '05-08-2021', 62, 0),
(581, '06-08-2021', 62, 0),
(582, '07-08-2021', 62, 0),
(583, '08-08-2021', 62, 0),
(584, '09-08-2021', 62, 0),
(585, '10-08-2021', 62, 0),
(586, '11-08-2021', 62, 0),
(587, '12-08-2021', 62, 0),
(588, '13-08-2021', 62, 0),
(589, '05-08-2021', 63, 0),
(590, '06-08-2021', 63, 0),
(591, '07-08-2021', 63, 0),
(592, '08-08-2021', 63, 0),
(593, '09-08-2021', 63, 0),
(594, '10-08-2021', 63, 0),
(595, '11-08-2021', 63, 0),
(596, '12-08-2021', 63, 0),
(597, '13-08-2021', 63, 0),
(598, '14-08-2021', 63, 0),
(599, '05-08-2021', 64, 0),
(600, '06-08-2021', 64, 0),
(601, '07-08-2021', 64, 0),
(602, '08-08-2021', 64, 0),
(603, '09-08-2021', 64, 0),
(604, '10-08-2021', 64, 0),
(605, '11-08-2021', 64, 0),
(606, '12-08-2021', 64, 0),
(607, '13-08-2021', 64, 0),
(608, '15-08-2021', 65, 0),
(609, '16-08-2021', 65, 0),
(610, '17-08-2021', 65, 0),
(611, '18-08-2021', 65, 0),
(612, '19-08-2021', 65, 0),
(613, '20-08-2021', 65, 0),
(614, '21-08-2021', 65, 0),
(615, '22-08-2021', 65, 0),
(616, '23-08-2021', 65, 0),
(617, '24-08-2021', 65, 0),
(618, '25-08-2021', 65, 0),
(619, '26-08-2021', 65, 0),
(620, '27-08-2021', 65, 0),
(621, '28-08-2021', 65, 0),
(622, '29-08-2021', 65, 0),
(623, '30-08-2021', 65, 0),
(624, '15-08-2021', 66, 0),
(625, '16-08-2021', 66, 0),
(626, '17-08-2021', 66, 0),
(627, '18-08-2021', 66, 0),
(628, '19-08-2021', 66, 0),
(629, '20-08-2021', 66, 0),
(630, '21-08-2021', 66, 0),
(631, '22-08-2021', 66, 0),
(632, '23-08-2021', 66, 0),
(633, '24-08-2021', 66, 0),
(634, '25-08-2021', 66, 0),
(635, '26-08-2021', 66, 0),
(636, '27-08-2021', 66, 0),
(637, '28-08-2021', 66, 0),
(638, '29-08-2021', 66, 0),
(639, '30-08-2021', 66, 0),
(640, '05-08-2021', 67, 0),
(641, '06-08-2021', 67, 0),
(642, '07-08-2021', 67, 0),
(643, '08-08-2021', 67, 0),
(644, '09-08-2021', 67, 0),
(645, '10-08-2021', 67, 0),
(646, '11-08-2021', 67, 0),
(647, '12-08-2021', 67, 0),
(648, '13-08-2021', 67, 0),
(649, '05-08-2021', 68, 0),
(650, '06-08-2021', 68, 0),
(651, '07-08-2021', 68, 0),
(652, '08-08-2021', 68, 0),
(653, '09-08-2021', 68, 0),
(654, '10-08-2021', 68, 0),
(655, '11-08-2021', 68, 0),
(656, '12-08-2021', 68, 0),
(657, '13-08-2021', 68, 0),
(658, '14-08-2021', 68, 0),
(659, '15-08-2021', 68, 0),
(660, '16-08-2021', 68, 0),
(661, '17-08-2021', 68, 0),
(662, '18-08-2021', 68, 0),
(663, '19-08-2021', 68, 0),
(664, '20-08-2021', 68, 0),
(665, '21-08-2021', 68, 0),
(666, '22-08-2021', 68, 0),
(667, '23-08-2021', 68, 0),
(668, '24-08-2021', 68, 0),
(669, '25-08-2021', 68, 0),
(670, '26-08-2021', 68, 0),
(671, '27-08-2021', 68, 0),
(672, '28-08-2021', 68, 0),
(673, '29-08-2021', 68, 0),
(674, '30-08-2021', 68, 0),
(675, '05-08-2021', 69, 0),
(676, '06-08-2021', 69, 0),
(677, '07-08-2021', 69, 0),
(678, '08-08-2021', 69, 0),
(679, '09-08-2021', 69, 0),
(680, '10-08-2021', 69, 0),
(681, '11-08-2021', 69, 0),
(682, '12-08-2021', 69, 0),
(683, '05-08-2021', 70, 0),
(684, '06-08-2021', 70, 0),
(685, '07-08-2021', 70, 0),
(686, '08-08-2021', 70, 0),
(687, '09-08-2021', 70, 0),
(688, '10-08-2021', 70, 0),
(689, '05-08-2021', 71, 0),
(690, '06-08-2021', 71, 0),
(691, '07-08-2021', 71, 0),
(692, '08-08-2021', 71, 0),
(693, '09-08-2021', 71, 0),
(694, '10-08-2021', 71, 0),
(695, '11-08-2021', 71, 0),
(696, '12-08-2021', 71, 0),
(697, '13-08-2021', 71, 0),
(698, '14-08-2021', 71, 0),
(699, '15-08-2021', 71, 0),
(700, '16-08-2021', 71, 0),
(701, '17-08-2021', 71, 0),
(702, '18-08-2021', 71, 0),
(703, '19-08-2021', 71, 0),
(704, '20-08-2021', 71, 0),
(705, '21-08-2021', 71, 0),
(706, '22-08-2021', 71, 0),
(707, '23-08-2021', 71, 0),
(708, '24-08-2021', 71, 0),
(709, '25-08-2021', 71, 0),
(710, '26-08-2021', 71, 0),
(711, '27-08-2021', 71, 0),
(712, '28-08-2021', 71, 0),
(713, '29-08-2021', 71, 0),
(714, '30-08-2021', 71, 0),
(715, '09-08-2021', 72, 0),
(716, '10-08-2021', 72, 0),
(717, '11-08-2021', 72, 0),
(718, '12-08-2021', 72, 0),
(719, '13-08-2021', 72, 0),
(720, '05-08-2021', 73, 0),
(721, '06-08-2021', 73, 0),
(722, '07-08-2021', 73, 0),
(723, '08-08-2021', 73, 0),
(724, '09-08-2021', 73, 0),
(725, '10-08-2021', 73, 0),
(726, '11-08-2021', 73, 0),
(727, '12-08-2021', 73, 0),
(728, '13-08-2021', 73, 0),
(729, '05-08-2021', 74, 0),
(730, '06-08-2021', 74, 0),
(731, '07-08-2021', 74, 0),
(732, '08-08-2021', 74, 0),
(733, '09-08-2021', 74, 0),
(734, '10-08-2021', 74, 0),
(735, '11-08-2021', 74, 0),
(736, '12-08-2021', 74, 0),
(737, '13-08-2021', 74, 0),
(738, '14-08-2021', 74, 0),
(739, '05-08-2021', 75, 0),
(740, '06-08-2021', 75, 0),
(741, '07-08-2021', 75, 0),
(742, '08-08-2021', 75, 0),
(743, '09-08-2021', 75, 0),
(744, '10-08-2021', 75, 0),
(745, '11-08-2021', 75, 0),
(746, '12-08-2021', 75, 0),
(747, '13-08-2021', 75, 0),
(748, '05-08-2021', 76, 0),
(749, '06-08-2021', 76, 0),
(750, '07-08-2021', 76, 0),
(751, '08-08-2021', 76, 0),
(752, '09-08-2021', 76, 0),
(753, '10-08-2021', 76, 0),
(754, '05-08-2021', 77, 0),
(755, '06-08-2021', 77, 0),
(756, '07-08-2021', 77, 0),
(757, '08-08-2021', 77, 0),
(758, '09-08-2021', 77, 0),
(759, '10-08-2021', 77, 0),
(760, '05-08-2021', 78, 0),
(761, '06-08-2021', 78, 0),
(762, '07-08-2021', 78, 0),
(763, '08-08-2021', 78, 0),
(764, '09-08-2021', 78, 0),
(765, '10-08-2021', 78, 0);

-- --------------------------------------------------------

--
-- Table structure for table `notifications`
--

CREATE TABLE `notifications` (
  `id` int(11) NOT NULL,
  `noti_type` varchar(255) NOT NULL,
  `related_id` int(11) NOT NULL,
  `noti_by` varchar(255) NOT NULL,
  `assign_to` int(11) NOT NULL,
  `msg` text NOT NULL,
  `status` int(11) NOT NULL DEFAULT 0
) ENGINE=MyISAM DEFAULT CHARSET=latin1;

--
-- Dumping data for table `notifications`
--

INSERT INTO `notifications` (`id`, `noti_type`, `related_id`, `noti_by`, `assign_to`, `msg`, `status`) VALUES
(1, 'subtask', 0, 'admin', 3, '', 0),
(2, 'subtask', 4, 'admin', 3, 'new Subtask assigned to you please check it.', 1),
(3, 'subtask', 5, 'admin', 3, 'new Subtask assigned to you please check it.', 1),
(4, 'subtask', 6, 'admin', 3, 'new Subtask assigned to you please check it.', 0),
(5, 'subtask', 7, 'admin', 3, 'new Subtask assigned to you please check it.', 0),
(6, 'subtask', 8, 'admin', 3, 'new Subtask assigned to you please check it.', 1),
(7, 'subtask', 9, 'admin', 3, 'new Subtask assigned to you please check it.', 1),
(8, 'subtask', 10, 'admin', 3, 'new Subtask assigned to you please check it.', 1),
(9, 'subtask', 11, 'admin', 3, 'new Subtask assigned to you please check it.', 1),
(10, 'subtask', 12, 'admin', 2, 'new Subtask assigned to you please check it.', 1),
(11, 'subtask', 13, 'admin', 3, 'new Subtask assigned to you please check it.', 1),
(12, 'subtask', 14, 'admin', 5, 'new Subtask assigned to you please check it.', 1),
(13, 'subtask', 15, 'admin', 5, 'new Subtask assigned to you please check it.', 1),
(14, 'subtask', 16, 'admin', 5, 'new Subtask assigned to you please check it.', 1),
(15, 'subtask', 17, 'admin', 5, 'new Subtask assigned to you please check it.', 1),
(16, 'subtask', 18, 'admin', 5, 'new Subtask assigned to you please check it.', 1),
(17, 'subtask', 19, 'admin', 5, 'new Subtask assigned to you please check it.', 1),
(18, 'subtask', 20, 'admin', 5, 'new Subtask assigned to you please check it.', 1),
(19, 'subtask', 21, 'admin', 4, 'new Subtask assigned to you please check it.', 1),
(20, 'subtask', 22, 'admin', 4, 'new Subtask assigned to you please check it.', 1),
(21, 'subtask', 23, 'admin', 2, 'new Subtask assigned to you please check it.', 1),
(22, 'subtask', 24, 'admin', 3, 'new Subtask assigned to you please check it.', 1),
(23, 'subtask', 25, 'admin', 3, 'new Subtask assigned to you please check it.', 1),
(24, 'subtask', 26, 'admin', 5, 'new Subtask assigned to you please check it.', 1),
(25, 'subtask', 27, 'admin', 3, 'new Subtask assigned to you please check it.', 1),
(26, 'subtask', 28, 'admin', 4, 'new Subtask assigned to you please check it.', 1),
(27, 'subtask', 29, 'admin', 5, 'new Subtask assigned to you please check it.', 1),
(28, 'subtask', 30, 'admin', 6, 'new Subtask assigned to you please check it.', 1),
(29, 'subtask', 31, 'admin', 3, 'new Subtask assigned to you please check it.', 1),
(30, 'subtask', 32, 'admin', 11, 'new Subtask assigned to you please check it.', 0),
(31, 'subtask', 33, 'admin', 10, 'new Subtask assigned to you please check it.', 0),
(32, 'subtask', 34, 'admin', 11, 'new Subtask assigned to you please check it.', 0),
(33, 'subtask', 35, 'admin', 10, 'new Subtask assigned to you please check it.', 1),
(34, 'subtask', 36, 'admin', 10, 'new Subtask assigned to you please check it.', 0),
(35, 'subtask', 37, 'admin', 8, 'new Subtask assigned to you please check it.', 0),
(36, 'subtask', 38, 'admin', 10, 'new Subtask assigned to you please check it.', 0),
(37, 'subtask', 39, 'admin', 8, 'new Subtask assigned to you please check it.', 0);

-- --------------------------------------------------------

--
-- Table structure for table `permissions`
--

CREATE TABLE `permissions` (
  `permission_id` int(11) NOT NULL,
  `p_label` text NOT NULL,
  `p_status` int(11) NOT NULL,
  `role_id` int(11) NOT NULL
) ENGINE=InnoDB DEFAULT CHARSET=utf8mb4;

--
-- Dumping data for table `permissions`
--

INSERT INTO `permissions` (`permission_id`, `p_label`, `p_status`, `role_id`) VALUES
(70, 'group_show', 0, 3),
(71, 'group_add', 0, 3),
(72, 'group_edit', 0, 3),
(73, 'group_delete', 0, 3),
(74, 'subgroup_show', 0, 3),
(75, 'subgroup_add', 0, 3),
(76, 'subgroup_edit', 0, 3),
(77, 'subgroup_delete', 0, 3),
(78, 'tran_show', 0, 3),
(79, 'tran_add', 0, 3),
(80, 'tran_edit', 0, 3),
(81, 'tran_delete', 0, 3),
(82, 'cat_show', 1, 3),
(83, 'cat_add', 0, 3),
(84, 'cat_edit', 0, 3),
(85, 'cat_del', 0, 3),
(86, 'user_show', 1, 3),
(87, 'user_add', 0, 3),
(88, 'user_edit', 0, 3),
(89, 'user_del', 0, 3),
(90, 'user_editdetails', 0, 3),
(91, 'user_showdeatails', 0, 3),
(92, 'user_searches', 0, 3),
(93, 'quot_show', 1, 3),
(94, 'quot_add', 1, 3),
(95, 'quot_edit', 1, 3),
(96, 'quot_del', 1, 3),
(97, 'proj_show', 1, 3),
(98, 'proj_add', 1, 3),
(99, 'proj_edit', 1, 3),
(100, 'proj_del', 1, 3),
(101, 'proj_p_show', 0, 3),
(102, 'proj_leader', 1, 3),
(103, 'proj_mu', 1, 3),
(104, 'proj_b_show', 1, 3),
(105, 'proj_b_edit', 1, 3),
(106, 'task_show', 1, 3),
(107, 'task_add', 1, 3),
(108, 'task_edit', 1, 3),
(109, 'task_del', 1, 3),
(110, 'task_p_show', 0, 3),
(111, 'task_mb', 1, 3),
(112, 'task_b_show', 1, 3),
(113, 'subtask_show', 1, 3),
(114, 'subtask_add', 1, 3),
(115, 'subtask_edit', 1, 3),
(116, 'subtask_del', 1, 3),
(117, 'subtask_p_show', 0, 3),
(118, 'subtask_mb', 1, 3),
(119, 'subtask_b_show', 1, 3),
(120, 'report_show', 1, 3),
(121, 'report_add', 0, 3),
(122, 'report_p_show', 0, 3),
(123, 'report_search', 1, 3),
(124, 'report_wh', 1, 3),
(125, 'leave_show', 1, 3),
(126, 'leave_add', 0, 3),
(127, 'leave_r_show', 0, 3),
(128, 'leave_p_show', 0, 3),
(129, 'leave_app', 0, 3),
(130, 'leave_rej', 0, 3),
(131, 'proj_notify', 1, 3),
(132, 'task_notify', 1, 3),
(133, 'subtask_notify', 1, 3),
(134, 'birthday_notify', 0, 3),
(135, 'leave_notify', 0, 3),
(136, 'subtask_notify_', 1, 3),
(137, 'attendance_show', 1, 3),
(138, 'attendance_p_show', 1, 3),
(139, 'group_show', 1, 4),
(140, 'group_add', 1, 4),
(141, 'group_edit', 1, 4),
(142, 'group_delete', 1, 4),
(143, 'subgroup_show', 1, 4),
(144, 'subgroup_add', 1, 4),
(145, 'subgroup_edit', 1, 4),
(146, 'subgroup_delete', 1, 4),
(147, 'tran_show', 1, 4),
(148, 'tran_add', 1, 4),
(149, 'tran_edit', 1, 4),
(150, 'tran_delete', 1, 4),
(151, 'cat_show', 1, 4),
(152, 'cat_add', 0, 4),
(153, 'cat_edit', 0, 4),
(154, 'cat_del', 0, 4),
(155, 'user_show', 1, 4),
(156, 'user_add', 0, 4),
(157, 'user_edit', 0, 4),
(158, 'user_del', 0, 4),
(159, 'user_editdetails', 0, 4),
(160, 'user_showdeatails', 1, 4),
(161, 'user_searches', 1, 4),
(162, 'quot_show', 1, 4),
(163, 'quot_add', 0, 4),
(164, 'quot_edit', 0, 4),
(165, 'quot_del', 0, 4),
(166, 'proj_show', 1, 4),
(167, 'proj_add', 0, 4),
(168, 'proj_edit', 0, 4),
(169, 'proj_del', 0, 4),
(170, 'proj_p_show', 0, 4),
(171, 'proj_leader', 0, 4),
(172, 'proj_mu', 0, 4),
(173, 'proj_b_show', 1, 4),
(174, 'proj_b_edit', 0, 4),
(175, 'task_show', 1, 4),
(176, 'task_add', 0, 4),
(177, 'task_edit', 0, 4),
(178, 'task_del', 0, 4),
(179, 'task_p_show', 0, 4),
(180, 'task_mb', 0, 4),
(181, 'task_b_show', 1, 4),
(182, 'subtask_show', 1, 4),
(183, 'subtask_add', 0, 4),
(184, 'subtask_edit', 0, 4),
(185, 'subtask_del', 0, 4),
(186, 'subtask_p_show', 0, 4),
(187, 'subtask_mb', 0, 4),
(188, 'subtask_b_show', 1, 4),
(189, 'report_show', 1, 4),
(190, 'report_add', 0, 4),
(191, 'report_p_show', 0, 4),
(192, 'report_search', 0, 4),
(193, 'report_wh', 0, 4),
(194, 'leave_show', 1, 4),
(195, 'leave_add', 0, 4),
(196, 'leave_r_show', 0, 4),
(197, 'leave_p_show', 0, 4),
(198, 'leave_app', 0, 4),
(199, 'leave_rej', 0, 4),
(200, 'proj_notify', 0, 4),
(201, 'task_notify', 0, 4),
(202, 'subtask_notify', 0, 4),
(203, 'birthday_notify', 0, 4),
(204, 'leave_notify', 1, 4),
(205, 'subtask_notify_', 0, 4),
(206, 'attendance_show', 1, 4),
(207, 'attendance_p_show', 1, 4),
(208, 'group_show', 1, 5),
(209, 'group_add', 1, 5),
(210, 'group_edit', 1, 5),
(211, 'group_delete', 1, 5),
(212, 'subgroup_show', 1, 5),
(213, 'subgroup_add', 1, 5),
(214, 'subgroup_edit', 1, 5),
(215, 'subgroup_delete', 1, 5),
(216, 'tran_show', 1, 5),
(217, 'tran_add', 1, 5),
(218, 'tran_edit', 1, 5),
(219, 'tran_delete', 1, 5),
(220, 'cat_show', 0, 5),
(221, 'cat_add', 0, 5),
(222, 'cat_edit', 0, 5),
(223, 'cat_del', 0, 5),
(224, 'user_show', 0, 5),
(225, 'user_add', 0, 5),
(226, 'user_edit', 0, 5),
(227, 'user_del', 0, 5),
(228, 'user_editdetails', 0, 5),
(229, 'user_showdeatails', 0, 5),
(230, 'user_searches', 0, 5),
(231, 'quot_show', 0, 5),
(232, 'quot_add', 0, 5),
(233, 'quot_edit', 0, 5),
(234, 'quot_del', 0, 5),
(235, 'proj_show', 0, 5),
(236, 'proj_add', 0, 5),
(237, 'proj_edit', 0, 5),
(238, 'proj_del', 0, 5),
(239, 'proj_p_show', 0, 5),
(240, 'proj_leader', 0, 5),
(241, 'proj_mu', 0, 5),
(242, 'proj_b_show', 0, 5),
(243, 'proj_b_edit', 0, 5),
(244, 'task_show', 0, 5),
(245, 'task_add', 0, 5),
(246, 'task_edit', 0, 5),
(247, 'task_del', 0, 5),
(248, 'task_p_show', 0, 5),
(249, 'task_mb', 0, 5),
(250, 'task_b_show', 0, 5),
(251, 'subtask_show', 0, 5),
(252, 'subtask_add', 0, 5),
(253, 'subtask_edit', 0, 5),
(254, 'subtask_del', 0, 5),
(255, 'subtask_p_show', 0, 5),
(256, 'subtask_mb', 0, 5),
(257, 'subtask_b_show', 0, 5),
(258, 'report_show', 0, 5),
(259, 'report_add', 0, 5),
(260, 'report_p_show', 0, 5),
(261, 'report_search', 0, 5),
(262, 'report_wh', 0, 5),
(263, 'leave_show', 0, 5),
(264, 'leave_add', 0, 5),
(265, 'leave_r_show', 0, 5),
(266, 'leave_p_show', 0, 5),
(267, 'leave_app', 0, 5),
(268, 'leave_rej', 0, 5),
(269, 'proj_notify', 0, 5),
(270, 'task_notify', 0, 5),
(271, 'subtask_notify', 0, 5),
(272, 'birthday_notify', 0, 5),
(273, 'leave_notify', 0, 5),
(274, 'subtask_notify_', 0, 5),
(275, 'attendance_show', 0, 5),
(276, 'attendance_p_show', 0, 5),
(346, 'group_show', 1, 2),
(347, 'group_add', 1, 2),
(348, 'group_edit', 1, 2),
(349, 'group_delete', 1, 2),
(350, 'subgroup_show', 1, 2),
(351, 'subgroup_add', 0, 2),
(352, 'group_edit', 1, 2),
(353, 'subgroup_delete', 1, 2),
(354, 'tran_show', 1, 2),
(355, 'tran_add', 1, 2),
(356, 'tran_edit', 1, 2),
(357, 'tran_delete', 1, 2),
(358, 'cat_show', 1, 2),
(359, 'cat_add', 1, 2),
(360, 'cat_edit', 1, 2),
(361, 'cat_del', 1, 2),
(362, 'user_show', 1, 2),
(363, 'user_add', 1, 2),
(364, 'user_edit', 1, 2),
(365, 'user_del', 1, 2),
(366, 'user_editdetails', 1, 2),
(367, 'user_showdeatails', 1, 2),
(368, 'user_searches', 1, 2),
(369, 'quot_show', 1, 2),
(370, 'quot_add', 1, 2),
(371, 'quot_edit', 1, 2),
(372, 'quot_del', 1, 2),
(373, 'proj_show', 1, 2),
(374, 'proj_add', 1, 2),
(375, 'proj_edit', 1, 2),
(376, 'proj_del', 1, 2),
(377, 'proj_p_show', 0, 2),
(378, 'proj_leader', 1, 2),
(379, 'proj_mu', 1, 2),
(380, 'proj_b_show', 1, 2),
(381, 'proj_b_edit', 1, 2),
(382, 'task_show', 1, 2),
(383, 'task_add', 1, 2),
(384, 'task_edit', 1, 2),
(385, 'task_del', 1, 2),
(386, 'task_p_show', 0, 2),
(387, 'task_mb', 1, 2),
(388, 'task_b_show', 1, 2),
(389, 'subtask_show', 1, 2),
(390, 'subtask_add', 1, 2),
(391, 'subtask_edit', 1, 2),
(392, 'subtask_del', 1, 2),
(393, 'subtask_p_show', 0, 2),
(394, 'subtask_mb', 1, 2),
(395, 'subtask_b_show', 0, 2),
(396, 'report_show', 1, 2),
(397, 'report_add', 1, 2),
(398, 'report_p_show', 1, 2),
(399, 'report_search', 1, 2),
(400, 'report_wh', 1, 2),
(401, 'leave_show', 1, 2),
(402, 'leave_add', 1, 2),
(403, 'leave_r_show', 1, 2),
(404, 'leave_p_show', 1, 2),
(405, 'leave_app', 1, 2),
(406, 'leave_rej', 1, 2),
(407, 'proj_notify', 1, 2),
(408, 'task_notify', 1, 2),
(409, 'subtask_notify', 1, 2),
(410, 'birthday_notify', 1, 2),
(411, 'leave_notify', 1, 2),
(412, 'subtask_notify_', 1, 2),
(413, 'attendance_show', 1, 2),
(414, 'attendance_p_show', 1, 2),
(553, 'group_show', 0, 6),
(554, 'group_add', 0, 6),
(555, 'group_edit', 0, 6),
(556, 'group_delete', 0, 6),
(557, 'subgroup_show', 0, 6),
(558, 'subgroup_add', 0, 6),
(559, 'group_edit', 0, 6),
(560, 'subgroup_delete', 0, 6),
(561, 'tran_show', 0, 6),
(562, 'tran_add', 0, 6),
(563, 'tran_edit', 0, 6),
(564, 'tran_delete', 0, 6),
(565, 'cat_show', 1, 6),
(566, 'cat_add', 0, 6),
(567, 'cat_edit', 0, 6),
(568, 'cat_del', 0, 6),
(569, 'user_show', 1, 6),
(570, 'user_add', 0, 6),
(571, 'user_showdeatails', 0, 6),
(572, 'user_edit', 0, 6),
(573, 'user_del', 0, 6),
(574, 'user_editdetails', 0, 6),
(575, 'user_searches', 1, 6),
(576, 'quot_show', 0, 6),
(577, 'quot_add', 0, 6),
(578, 'quot_edit', 0, 6),
(579, 'quot_del', 0, 6),
(580, 'proj_show', 0, 6),
(581, 'proj_add', 0, 6),
(582, 'proj_edit', 0, 6),
(583, 'proj_del', 0, 6),
(584, 'proj_p_show', 1, 6),
(585, 'proj_leader', 0, 6),
(586, 'proj_mu', 0, 6),
(587, 'proj_b_show', 0, 6),
(588, 'proj_b_edit', 0, 6),
(589, 'task_show', 1, 6),
(590, 'task_add', 0, 6),
(591, 'task_edit', 0, 6),
(592, 'task_del', 0, 6),
(593, 'task_p_show', 0, 6),
(594, 'task_b_show', 0, 6),
(595, 'task_mb', 0, 6),
(596, 'subtask_show', 0, 6),
(597, 'subtask_add', 0, 6),
(598, 'subtask_edit', 0, 6),
(599, 'subtask_del', 0, 6),
(600, 'subtask_p_show', 1, 6),
(601, 'subtask_b_show', 0, 6),
(602, 'subtask_mb', 0, 6),
(603, 'report_show', 0, 6),
(604, 'report_add', 0, 6),
(605, 'report_p_show', 1, 6),
(606, 'report_search', 0, 6),
(607, 'report_wh', 0, 6),
(608, 'leave_show', 0, 6),
(609, 'leave_add', 1, 6),
(610, 'leave_r_show', 0, 6),
(611, 'leave_p_show', 1, 6),
(612, 'leave_app', 0, 6),
(613, 'leave_rej', 0, 6),
(614, 'proj_notify', 1, 6),
(615, 'task_notify', 1, 6),
(616, 'subtask_notify', 1, 6),
(617, 'birthday_notify', 0, 6),
(618, 'leave_notify', 0, 6),
(619, 'subtask_notify_', 1, 6),
(620, 'attendance_show', 0, 6),
(621, 'attendance_p_show', 1, 6);

-- --------------------------------------------------------

--
-- Table structure for table `projects`
--

CREATE TABLE `projects` (
  `project_id` int(11) NOT NULL,
  `project_name` varchar(255) NOT NULL,
  `project_budget` varchar(255) NOT NULL DEFAULT '0',
  `pay_recieved` varchar(255) NOT NULL DEFAULT '0',
  `start_date` varchar(255) NOT NULL,
  `end_date` varchar(255) NOT NULL,
  `notify_days` int(11) NOT NULL,
  `description` varchar(255) NOT NULL,
  `project_status` varchar(255) NOT NULL,
  `status_c_or_i` varchar(255) NOT NULL
) ENGINE=InnoDB DEFAULT CHARSET=utf8mb4;

--
-- Dumping data for table `projects`
--

INSERT INTO `projects` (`project_id`, `project_name`, `project_budget`, `pay_recieved`, `start_date`, `end_date`, `notify_days`, `description`, `project_status`, `status_c_or_i`) VALUES
(1, 'trucks', '540000', '-9855', '02/01/2021', '07/11/2021', 9, 'This is a quotation on the goods named, subject to the conditions noted below: (Describe any conditions pertaining to these prices and any additional terms of the agreement. You may want to include contingencies that will affect the quotation.', 'high', 'incomplete'),
(5, 'yd', '6000', '12', '02/28/2021', '06/02/2021', 20, 'dsf', 'high', 'incomplete'),
(6, 'Testing', '78000', '0', '03/10/2021', '05/20/2021', 2, 'Testing', 'medium', 'incomplete'),
(7, 'Last testing', '343434', '0', '03/10/2021', '06/25/2021', 20, 'asas', 'high', 'complete'),
(8, 'Job', '406305.9', '0', '03/18/2021', '03/15/2021', 3, 'asas', 'medium', 'incomplete'),
(9, 'The Car Guys', '11111', '0', '03/10/2021', '03/31/2021', 1, 'adasdasdasdasdasda car guys', 'medium', 'incomplete'),
(11, 'International Client', '', '0', '03/31/2021', '04/01/2021', 1, 'PHP Errors and Bugs fixing for International client.', 'high', 'complete'),
(12, 'Quotation 1', '1371365.8', '-2000', '04/01/2021', '04/30/2021', 5, '-', 'medium', 'incomplete'),
(13, 'mytestproject', '10000', '0', '04/01/2021', '04/16/2021', 12, 'asfsafasf', 'high', 'pending'),
(14, 'Project Dee-Dee', '2730', '-14766', '04/16/2021', '09/15/2022', 30, 'Task is in process', 'medium', 'pending');

-- --------------------------------------------------------

--
-- Table structure for table `projects_images`
--

CREATE TABLE `projects_images` (
  `pm_id` int(11) NOT NULL,
  `img` varchar(255) NOT NULL,
  `project_id` int(11) NOT NULL
) ENGINE=InnoDB DEFAULT CHARSET=utf8mb4;

--
-- Dumping data for table `projects_images`
--

INSERT INTO `projects_images` (`pm_id`, `img`, `project_id`) VALUES
(5, 'Capture.JPG', 9),
(6, 'sa.JPG', 9),
(7, 'xz.JPG', 9),
(9, 'Dream.jpg', 9),
(10, 'GoodDay.jpg', 9),
(11, 'Minion.jpg', 9),
(12, 'Sunset.jpg', 9),
(13, 'Vibes.jpg', 9),
(14, 'YouGoGirl.jpg', 9),
(16, 'Capture3-5-1.PNG', 11),
(17, 'Capture3-5-1.PNG', 12),
(18, 'america.png', 13),
(19, '2021-04-02.png', 14),
(22, 'images.png', 14);

-- --------------------------------------------------------

--
-- Table structure for table `projects_subtasks`
--

CREATE TABLE `projects_subtasks` (
  `project_subtask_id` int(11) NOT NULL,
  `subtask_title` varchar(255) NOT NULL,
  `subtask_milestone` varchar(255) NOT NULL DEFAULT '0',
  `subtask_due_date` varchar(255) NOT NULL,
  `start_at` varchar(255) NOT NULL,
  `complete_at` varchar(255) NOT NULL,
  `subtask_notify_days` int(11) NOT NULL,
  `subtask_priority` varchar(255) NOT NULL,
  `subtask_description` varchar(255) NOT NULL,
  `subtask_status_by` int(11) NOT NULL DEFAULT 0,
  `subtask_status_by_name` text NOT NULL,
  `subtask_status` varchar(255) DEFAULT NULL,
  `user_id` int(11) NOT NULL,
  `project_task_id` int(11) NOT NULL,
  `project_id` int(11) NOT NULL,
  `admin_status` int(11) NOT NULL,
  `coordinator_status` int(11) NOT NULL,
  `employee_status` int(11) NOT NULL,
  `employee_status_2` int(11) NOT NULL
) ENGINE=InnoDB DEFAULT CHARSET=utf8mb4;

--
-- Dumping data for table `projects_subtasks`
--

INSERT INTO `projects_subtasks` (`project_subtask_id`, `subtask_title`, `subtask_milestone`, `subtask_due_date`, `start_at`, `complete_at`, `subtask_notify_days`, `subtask_priority`, `subtask_description`, `subtask_status_by`, `subtask_status_by_name`, `subtask_status`, `user_id`, `project_task_id`, `project_id`, `admin_status`, `coordinator_status`, `employee_status`, `employee_status_2`) VALUES
(8, 'asdas', '1', '02/13/2021', '02/22/2021', '', 0, 'complete', 'zsadf', 0, 'admin', 'completed', 3, 4, 1, 0, 0, 0, 1),
(9, 'asdsad', '34', '02/27/2021', '02/22/2021', '02-22-2021', 0, 'complete', 'asd', 0, 'admin', 'completed', 3, 4, 1, 0, 0, 0, 1),
(10, 'asd', '566', '02/27/2021', '02/24/2021', '02-24-2021', 0, 'complete', 'asd', 0, 'admin', 'completed', 3, 4, 1, 0, 0, 0, 1),
(11, 'login screen', '1000', '02/27/2021', '02/24/2021', '', 0, 'incomplete', 'asdasd', 0, '', NULL, 3, 5, 3, 0, 0, 0, 1),
(12, 'login check', '800', '02/27/2021', '02/24/2021', '', 0, 'incomplete', 'asdas', 0, '', NULL, 2, 5, 3, 0, 0, 0, 0),
(13, 'as', '200', '02/27/2021', '02/24/2021', '', 0, 'incomplete', 'asd', 0, '', NULL, 3, 5, 3, 0, 0, 0, 1),
(18, 'Test1', '32', '03/17/2021', '03/13/2021', '', 0, 'incomplete', '-', 2, 'Sana Saeed', 'completed', 5, 9, 8, 0, 0, 0, 1),
(19, 'TEst', '123', '03/13/2021', '03/14/2021', '', 0, 'incomplete', 'asdadadasd', 1, 'huda', 'completed', 5, 9, 8, 0, 0, 0, 1),
(20, 'asd', '11', '25/03/2021', '03/16/2021', '', 0, 'complete', 'adasd', 0, 'The Past', '', 5, 11, 8, 0, 1, 1, 1),
(21, 'asad', '11112', '03/24/2021', '03/19/2021', '', 0, 'incomplete', 'asdas', 0, '', NULL, 4, 12, 9, 0, 0, 0, 0),
(22, 'sadas', '12', '03/24/2021', '03/19/2021', '', 0, 'incomplete', 'asdasd', 0, '', NULL, 4, 12, 9, 0, 0, 0, 0),
(24, 'Front End Errors', '20', '04/01/2021', '03/31/2021', '03-31-2021', 0, 'complete', '-', 3, 'admin', 'completed', 3, 15, 11, 0, 0, 1, 1),
(25, 'Back End Error', '20', '04/01/2021', '03/31/2021', '03-31-2021', 0, 'complete', '-', 0, 'mak', 'completed', 3, 16, 11, 0, 0, 0, 1),
(26, 'Quotation 1 Task 1 Subtask 1', '15000', '04/05/2021', '04/01/2021', '04-16-2021', 0, 'complete', '-', 1, 'huda', 'completed', 5, 17, 12, 0, 0, 0, 1),
(27, 'Quotation 1 Task 1 Subtask 2', '15000', '04/05/2021', '04/01/2021', '04-01-2021', 0, 'complete', '-', 3, 'admin', 'completed', 3, 17, 12, 0, 0, 1, 1),
(28, 'safas', '32', '04/01/2021', '04/01/2021', '', 0, 'incomplete', 'sdfgsdgsdg', 0, '', NULL, 4, 19, 13, 0, 0, 0, 0),
(29, 'Sub-Task 1', '25000', '18/04/2021', '04/16/2021', '', 0, 'complete', 'has been completed\r\n', 1, 'huda', 'completed', 10, 21, 14, 0, 0, 0, 1),
(30, 'Sub-Task 2', '25000', '04/22/2021', '04/16/2021', '', 0, 'incomplete', '-', 0, '', NULL, 6, 21, 14, 0, 0, 0, 0),
(39, 'Sub Task 4', '40', '08/09/2021', '08/09/2021', '', 0, 'incomplete', 'sadas', 0, '', NULL, 8, 47, 1, 0, 0, 0, 0);

-- --------------------------------------------------------

--
-- Table structure for table `projects_tasks`
--

CREATE TABLE `projects_tasks` (
  `project_task_id` int(11) NOT NULL,
  `task_title` varchar(255) NOT NULL,
  `task_milestone` varchar(255) NOT NULL DEFAULT '0',
  `task_due_date` varchar(255) NOT NULL,
  `task_notify_days` int(11) NOT NULL,
  `task_priority` varchar(255) NOT NULL,
  `task_description` varchar(255) NOT NULL,
  `project_id` int(11) NOT NULL
) ENGINE=InnoDB DEFAULT CHARSET=utf8mb4;

--
-- Dumping data for table `projects_tasks`
--

INSERT INTO `projects_tasks` (`project_task_id`, `task_title`, `task_milestone`, `task_due_date`, `task_notify_days`, `task_priority`, `task_description`, `project_id`) VALUES
(4, 'admin panel', '200', '02/27/2021', 0, 'incomplete', 'asda', 1),
(5, 'login module', '2000', '02/28/2021', 0, 'incomplete', 'ads', 3),
(6, 'as', '2000', '02/27/2021', 0, 'incomplete', 'asd', 1),
(7, 'Test', '3323', '03/12/2021', 0, 'complete', 'Testing', 6),
(9, 'Test', '21', '03/31/2021', 0, 'incomplete', '-', 8),
(10, 'Testing', '2000', '03/27/2021', 0, 'incomplete', '-', 7),
(11, 'adasd', '1000', '03/24/2021', 0, 'incomplete', 'asdasdasd', 8),
(12, 'asad', '11111', '03/23/2021', 0, 'incomplete', 'cafdsaf', 9),
(15, 'Front End Errors', '20', '01/04/2021', 0, 'complete', 'Front End Errors', 11),
(16, 'Back End Error', '20', '01/04/2021', 0, 'complete', 'Back End Error', 11),
(17, 'Quotation 1 Task 1', '50000', '04/05/2021', 0, 'incomplete', '-', 12),
(18, 'fardeentest', '1000', '04/09/2021', 0, 'incomplete', 'this is testing', 12),
(19, 'test1', '1000', '04/01/2021', 0, 'incomplete', 'asfasf', 13),
(20, 'C', '54210', '04/19/2021', 0, 'incomplete', '-', 12),
(21, 'Phase 1', '100000', '04/30/2021', 0, 'incomplete', '-', 14),
(47, 'My Task', '40', '08/09/2021', 0, 'incomplete', 'sadas', 1),
(48, 'My Task 3', '30', '08/09/2021', 0, 'incomplete', 'sadasd', 8),
(49, 'My Task 5', '35', '08/09/2021', 0, 'incomplete', 'asdas', 8),
(50, 'My Task 5', '35', '08/09/2021', 0, 'incomplete', 'asdas', 8),
(51, 'My Task 5', '35', '08/09/2021', 0, 'incomplete', 'asdas', 8),
(52, 'My Task 5', '35', '08/09/2021', 0, 'incomplete', 'asdas', 8),
(53, 'My Task 5', '35', '08/09/2021', 0, 'incomplete', 'asdas', 8),
(54, 'My Task 5', '35', '08/09/2021', 0, 'incomplete', 'asdas', 8);

-- --------------------------------------------------------

--
-- Table structure for table `projects_users`
--

CREATE TABLE `projects_users` (
  `project_user_id` int(11) NOT NULL,
  `user_id` int(11) NOT NULL,
  `user_role` tinyint(1) NOT NULL,
  `project_id` int(11) NOT NULL
) ENGINE=InnoDB DEFAULT CHARSET=utf8mb4;

--
-- Dumping data for table `projects_users`
--

INSERT INTO `projects_users` (`project_user_id`, `user_id`, `user_role`, `project_id`) VALUES
(8, 1, 0, 1),
(9, 8, 1, 1),
(25, 9, 0, 5),
(27, 10, 0, 6),
(28, 11, 1, 6),
(30, 6, 0, 7),
(31, 5, 0, 8),
(38, 5, 0, 9),
(39, 4, 0, 9),
(45, 3, 0, 11),
(46, 2, 0, 11),
(47, 5, 0, 12),
(48, 3, 1, 12),
(49, 2, 0, 12),
(65, 8, 1, 13),
(70, 10, 0, 14);

-- --------------------------------------------------------

--
-- Table structure for table `quotation`
--

CREATE TABLE `quotation` (
  `id` int(11) NOT NULL,
  `project_name` varchar(255) NOT NULL,
  `description` text NOT NULL,
  `duration` varchar(255) NOT NULL,
  `users` varchar(255) NOT NULL,
  `client_id` int(11) NOT NULL,
  `percentage` varchar(20) NOT NULL,
  `amount` varchar(255) NOT NULL,
  `paid` varchar(255) NOT NULL,
  `balance` varchar(255) NOT NULL,
  `total_amnt` varchar(255) NOT NULL,
  `status` varchar(100) NOT NULL
) ENGINE=MyISAM DEFAULT CHARSET=latin1;

--
-- Dumping data for table `quotation`
--

INSERT INTO `quotation` (`id`, `project_name`, `description`, `duration`, `users`, `client_id`, `percentage`, `amount`, `paid`, `balance`, `total_amnt`, `status`) VALUES
(5, 'trucks', 'This is a quotation on the goods named, subject to the conditions noted below: (Describe any conditions pertaining to these prices and any additional terms of the agreement. You may want to include contingencies that will affect the quotation.', '5', '10', 1, '40', '3380', '', '', '3380', '0'),
(6, 'Testing', 'Testing', '6', '4', 2, '30', '60000', '', '', '78000', '1'),
(7, 'Last testing', 'asas', '3', '6', 3, '30', '0', '', '', '0', '1'),
(8, 'Job', 'asas', '3', '5', 4, '10', '369369', '', '', '406305.9', '1'),
(9, 'HDSH Home Delivery Service Hyderabad', 'asdasd', '29', '2', 5, '30', '725000', '', '', '942500', '1'),
(10, 'Quotation 1', '-', '4', '5,3,2', 6, '15', '1192492', '', '', '1371365.8', '1'),
(11, 'qwerty', '-', '5', '9', 7, '15', '45000', '', '', '51750', '0'),
(12, 'Project Dee-Dee', '-', '7', '7,5,6,3,4,2', 8, '20', '2220197', '', '', '2664236.4', '1'),
(13, 'TestS', 'TestS', '5', '10', 9, '25', '3380', '', '', '3380', '0');

-- --------------------------------------------------------

--
-- Table structure for table `reports`
--

CREATE TABLE `reports` (
  `report_id` int(11) NOT NULL,
  `report_date` varchar(255) NOT NULL,
  `from_time` varchar(255) NOT NULL,
  `to_time` varchar(255) NOT NULL,
  `user_id` int(11) NOT NULL,
  `insert_datetime` varchar(255) NOT NULL
) ENGINE=InnoDB DEFAULT CHARSET=utf8mb4;

--
-- Dumping data for table `reports`
--

INSERT INTO `reports` (`report_id`, `report_date`, `from_time`, `to_time`, `user_id`, `insert_datetime`) VALUES
(1, '04/15/2020', '9:00 AM', '5:00 PM', 25, '16-04-2020 11:33:37'),
(2, '04/16/2020', '10:00 AM', '5:00 PM', 25, '16-04-2020 11:41:06'),
(3, '02/24/2020', '9:59 AM', '5:25 PM', 25, '16-04-2020 12:59:48'),
(4, '06/16/2020', '8:45 AM', '5:05 PM', 30, '16-06-2020 10:32:48'),
(5, '02/11/2021', '3:40 PM', '3:40 PM', 33, '11-02-2021 10:40:46'),
(6, '02/10/2021', '11:16 PM', '4:16 PM', 34, '11-02-2021 11:19:30');

-- --------------------------------------------------------

--
-- Table structure for table `roles`
--

CREATE TABLE `roles` (
  `role_id` int(11) NOT NULL,
  `role_name` varchar(255) NOT NULL
) ENGINE=InnoDB DEFAULT CHARSET=utf8mb4;

--
-- Dumping data for table `roles`
--

INSERT INTO `roles` (`role_id`, `role_name`) VALUES
(2, 'hr'),
(3, 'Quality Control'),
(4, 'Finance'),
(5, 'webdeveloper'),
(6, 'Employee');

-- --------------------------------------------------------

--
-- Table structure for table `r_descriptions`
--

CREATE TABLE `r_descriptions` (
  `r_description_id` int(11) NOT NULL,
  `report_description` varchar(255) NOT NULL,
  `report_status` varchar(255) NOT NULL,
  `report_id` int(11) NOT NULL
) ENGINE=InnoDB DEFAULT CHARSET=utf8mb4;

--
-- Dumping data for table `r_descriptions`
--

INSERT INTO `r_descriptions` (`r_description_id`, `report_description`, `report_status`, `report_id`) VALUES
(1, 'jhkjhhj', 'jlkjklljk', 1),
(2, 'zxczxc', 'cxzc', 2),
(3, 'dzzzz', 'xfdxczfc', 3),
(4, 'ABCCDEFGHIJKLMNOPQRSTUVWXYZ', 'done ', 4),
(5, 'shah', 'sss', 5),
(6, 'mene kar lia ye task', 'done', 6);

-- --------------------------------------------------------

--
-- Table structure for table `skills`
--

CREATE TABLE `skills` (
  `is_skill_id` int(11) NOT NULL,
  `is_skill_name` varchar(255) NOT NULL
) ENGINE=InnoDB DEFAULT CHARSET=utf8mb4;

--
-- Dumping data for table `skills`
--

INSERT INTO `skills` (`is_skill_id`, `is_skill_name`) VALUES
(3, 'html'),
(44, 'css'),
(45, 'javascript'),
(46, 'jquery'),
(47, 'php'),
(48, '.net'),
(58, 'andriod'),
(59, 'wordpress'),
(60, 'bootstrap');

-- --------------------------------------------------------

--
-- Table structure for table `subtask_comments`
--

CREATE TABLE `subtask_comments` (
  `subtask_comment_id` int(11) NOT NULL,
  `project_subtask_id` int(11) NOT NULL,
  `project_task_id` int(11) NOT NULL,
  `user_id` int(11) NOT NULL,
  `description` varchar(255) NOT NULL,
  `file` varchar(255) NOT NULL,
  `dateTime` varchar(255) NOT NULL
) ENGINE=InnoDB DEFAULT CHARSET=utf8mb4;

--
-- Dumping data for table `subtask_comments`
--

INSERT INTO `subtask_comments` (`subtask_comment_id`, `project_subtask_id`, `project_task_id`, `user_id`, `description`, `file`, `dateTime`) VALUES
(1, 1, 0, 1, 'do it man', '', '20-02-2021 09:40:45am'),
(2, 1, 0, 3, 'yes i am doing man \n', '', '20-02-2021 09:43:12am'),
(3, 6, 0, 3, 'asdaas', '', '22-02-2021 11:19:58am'),
(6, 0, 9, 1, 'testing', '', '13-03-2021 04:44:02pm'),
(7, 0, 9, 1, 'testing', '', '13-03-2021 04:46:13pm'),
(8, 0, 9, 1, 'testing', '', '13-03-2021 04:47:24pm'),
(9, 0, 10, 1, 'testing comments', '', '13-03-2021 04:48:50pm'),
(10, 0, 9, 1, 'Hello :D', '', '14-03-2021 11:03:54pm'),
(11, 18, 0, 1, 'Hello\n', '', '14-03-2021 11:13:08pm'),
(12, 0, 9, 1, 'Hello', '', '14-03-2021 11:13:16pm'),
(13, 0, 9, 1, '11.15 test', '', '14-03-2021 11:15:11pm'),
(14, 0, 14, 1, 'asd', '', '19-03-2021 10:49:39am'),
(15, 0, 15, 1, 'X', '', '31-03-2021 03:07:11pm'),
(16, 0, 19, 1, 'asfsafsafasfasf', '', '01-04-2021 03:13:39pm'),
(18, 28, 0, 1, 'sagfdsgdsgs', '', '01-04-2021 03:19:49pm'),
(19, 0, 19, 1, 'safas', '', '01-04-2021 03:46:55pm'),
(20, 0, 19, 1, 'asfasf', '', '02-04-2021 10:36:00am'),
(22, 0, 19, 1, '888', 'uploads/task_comments/1617346995_ee4f4f12-e6ec-45ac-94df-b90b4b022903-aaf6257f767b.jpeg', '02-04-2021 12:03:15pm'),
(25, 28, 0, 1, 'asfsaf', 'uploads/subtask_comments/1617349102_america.png', '02-04-2021 12:38:22pm'),
(26, 0, 23, 11, 'Comment 1', '', '03-06-2021 12:08:59pm'),
(27, 33, 0, 10, 'Comment 2', '', '03-06-2021 12:30:51pm'),
(28, 33, 0, 10, 'Comment 2', '', '03-06-2021 12:31:05pm'),
(29, 33, 0, 10, 'Comment 2', '', '03-06-2021 12:31:10pm'),
(30, 33, 0, 10, 'Comment 2', '', '03-06-2021 12:31:14pm'),
(31, 33, 0, 10, 'Comment 2', '', '03-06-2021 12:34:16pm'),
(32, 32, 0, 11, 'Sub-Task Comment 2', '', '03-06-2021 01:03:08pm');

-- --------------------------------------------------------

--
-- Table structure for table `subtask_notification`
--

CREATE TABLE `subtask_notification` (
  `notification_id` int(11) NOT NULL,
  `project_subtask_id` int(11) NOT NULL,
  `notification_status` int(11) NOT NULL DEFAULT 0,
  `status_by` int(11) NOT NULL DEFAULT 0
) ENGINE=InnoDB DEFAULT CHARSET=utf8mb4;

-- --------------------------------------------------------

--
-- Table structure for table `transaction`
--

CREATE TABLE `transaction` (
  `id` int(11) NOT NULL,
  `group_id` int(11) NOT NULL,
  `subgroup_id` int(11) NOT NULL,
  `project_id` int(11) NOT NULL,
  `date` varchar(255) NOT NULL,
  `month` varchar(255) NOT NULL,
  `description` text NOT NULL,
  `debit` varchar(255) NOT NULL,
  `credit` varchar(255) NOT NULL,
  `user_id` int(11) NOT NULL
) ENGINE=MyISAM DEFAULT CHARSET=latin1;

--
-- Dumping data for table `transaction`
--

INSERT INTO `transaction` (`id`, `group_id`, `subgroup_id`, `project_id`, `date`, `month`, `description`, `debit`, `credit`, `user_id`) VALUES
(1, 4, 5, 0, '05/02/2021', '05', 'ddd', '1000', '0', 1),
(2, 3, 4, 1, '05/21/2021', '05', 'hj', '122', '0', 1),
(3, 4, 5, 0, '05/01/2021', '05', 'ddd', '1111', '0', 1),
(4, 4, 5, 0, '05/03/2021', '05', 'ssss', '1111', '0', 1),
(5, 4, 5, 0, '05/04/2021', '05', 'yuuy', '111', '0', 1),
(6, 4, 5, 0, '05/27/2021', '05', 'dd', '22', '0', 1);

-- --------------------------------------------------------

--
-- Table structure for table `users`
--

CREATE TABLE `users` (
  `user_id` int(11) NOT NULL,
  `img` varchar(255) NOT NULL,
  `name` varchar(255) NOT NULL,
  `password` varchar(255) NOT NULL,
  `email` varchar(255) NOT NULL,
  `cnic` varchar(255) NOT NULL,
  `contact_no` varchar(255) NOT NULL,
  `dob` varchar(255) NOT NULL,
  `birth_date` varchar(255) NOT NULL,
  `address` varchar(255) NOT NULL,
  `cat_id` varchar(255) DEFAULT '0',
  `status` int(11) NOT NULL DEFAULT 0,
  `status_n` varchar(255) NOT NULL,
  `designation` varchar(255) NOT NULL,
  `salary` varchar(255) NOT NULL,
  `user_time` varchar(255) DEFAULT NULL,
  `user_status` varchar(255) NOT NULL DEFAULT 'active'
) ENGINE=InnoDB DEFAULT CHARSET=utf8mb4;

--
-- Dumping data for table `users`
--

INSERT INTO `users` (`user_id`, `img`, `name`, `password`, `email`, `cnic`, `contact_no`, `dob`, `birth_date`, `address`, `cat_id`, `status`, `status_n`, `designation`, `salary`, `user_time`, `user_status`) VALUES
(1, '', 'admin', 'admin', 'admin@admin.com', '123123124314', '123234423', '01/01/1970', '', 'hyd 123', '3', 1, '', '', '', NULL, 'active'),
(8, '', 'mak', 'mak123456', 'makdev@gmail.com', '41701-0664554-8', '03433330488', '01/01/1912', '', 'adsd', '2', 2, 'hr', '2', '15000', '7:00 AM', 'active'),
(9, '', 'Arfa Memon', 'arfarafa', 'arfamemon1997@gmail.com', '', '03332632466', '09/08/1997', '', '', '9', 3, 'Quality Control', '9', '9000', '9:00 AM', 'active'),
(10, '', 'shan', 'mak123456', 'shahzaibqureshi7890@gmail.com', '', '0301222922312', '05/10/2021', '', '', '2', 2, 'hr', '2', '676', '2:05 PM', 'active'),
(11, '', 'Sana Saeed', 'sanasana', 'hafsamemon@outlook.com', '2432435345345', '03332632466', '09/08/2021', '', 'asdfsafa', '4', 6, 'Employee', '4', '10000', '9:00 AM', 'active'),
(13, '', 'Talha Abbasi', 'talha123', 'talha.abbasi28@gmail.com', '', '03143530837', '04/15/1996', '15/04', '', '2', 5, 'webdeveloper', '2', '15000', '9:00 AM', 'active'),
(14, '', 'Aftab', 'kamran123', 'kamran@gmail.com', '', '214123213', '08/09/2021', '09/08', '', '2', 5, 'webdeveloper', '2', '13000', '9:00 AM', 'active'),
(15, '', 'Ali shaan', 'ali12345', 'ali123@gmail.com', '', '12345677', '08/09/1998', '09-08', '', '2', 5, 'webdeveloper', '2', '15000', '9:00 AM', 'active'),
(16, '', 'Talha Shaikh', 'talha123456', 'talha.shaikh28@gmail.com', '', '23423345', '09/08/1996', '09-08', '', '3', 5, 'webdeveloper', '3', '15000', '9:00 AM', 'active'),
(17, '', 'Hashim', 'hashim123', 'hashim123@gmail.com', '', '234235235', '08/09/1999', '09-08', '', '2', 5, 'webdeveloper', '2', '10000', '9:00 PM', 'active');

-- --------------------------------------------------------

--
-- Table structure for table `user_qualification`
--

CREATE TABLE `user_qualification` (
  `qualification_id` int(11) NOT NULL,
  `degree_name` varchar(255) NOT NULL,
  `grade_or_cgpa` varchar(255) NOT NULL,
  `passing_year` varchar(255) NOT NULL,
  `user_id` int(11) NOT NULL
) ENGINE=InnoDB DEFAULT CHARSET=utf8mb4;

--
-- Dumping data for table `user_qualification`
--

INSERT INTO `user_qualification` (`qualification_id`, `degree_name`, `grade_or_cgpa`, `passing_year`, `user_id`) VALUES
(5, 'Bachelors', '4.0', '34', 3),
(6, 'aasd', '234', '223423', 2),
(7, 'ds', '4', '442', 5),
(8, 'asd', 'asd', '43', 8),
(9, 'Bachelors', '4.0', '2019', 1),
(10, 'bs', 'a1', '2021', 11);

-- --------------------------------------------------------

--
-- Table structure for table `user_skills`
--

CREATE TABLE `user_skills` (
  `skill_id` int(11) NOT NULL,
  `skill_name` varchar(255) NOT NULL,
  `user_id` int(11) NOT NULL
) ENGINE=InnoDB DEFAULT CHARSET=utf8mb4;

--
-- Dumping data for table `user_skills`
--

INSERT INTO `user_skills` (`skill_id`, `skill_name`, `user_id`) VALUES
(7, 'html', 0),
(8, 'css', 0),
(9, 'javascript', 0),
(10, 'jquery', 0),
(11, 'php', 0),
(12, '.net', 0),
(13, 'andriod', 0),
(14, 'wordpress', 0),
(15, 'bootstrap', 0),
(16, 'html', 0),
(17, 'css', 0),
(18, 'javascript', 0),
(19, 'jquery', 0),
(20, 'php', 0),
(21, '.net', 0),
(22, 'andriod', 0),
(23, 'wordpress', 0),
(24, 'bootstrap', 0),
(28, 'html', 3),
(29, 'css', 2),
(30, 'javascript', 5),
(31, 'php', 8),
(32, 'html', 1),
(33, 'css', 1),
(34, 'javascript', 1),
(35, 'jquery', 1),
(36, 'php', 1),
(37, 'bootstrap', 1),
(38, 'html', 11);

--
-- Indexes for dumped tables
--

--
-- Indexes for table `account_group`
--
ALTER TABLE `account_group`
  ADD PRIMARY KEY (`id`);

--
-- Indexes for table `account_subgroup`
--
ALTER TABLE `account_subgroup`
  ADD PRIMARY KEY (`id`),
  ADD KEY `group_id` (`group_id`);

--
-- Indexes for table `attendance`
--
ALTER TABLE `attendance`
  ADD PRIMARY KEY (`attendance_id`);

--
-- Indexes for table `balance`
--
ALTER TABLE `balance`
  ADD PRIMARY KEY (`id`);

--
-- Indexes for table `categories`
--
ALTER TABLE `categories`
  ADD PRIMARY KEY (`cat_id`);

--
-- Indexes for table `clients`
--
ALTER TABLE `clients`
  ADD PRIMARY KEY (`id`);

--
-- Indexes for table `designations`
--
ALTER TABLE `designations`
  ADD PRIMARY KEY (`designation_id`);

--
-- Indexes for table `events`
--
ALTER TABLE `events`
  ADD PRIMARY KEY (`id`);

--
-- Indexes for table `leaves`
--
ALTER TABLE `leaves`
  ADD PRIMARY KEY (`leave_id`);

--
-- Indexes for table `leave_dates`
--
ALTER TABLE `leave_dates`
  ADD PRIMARY KEY (`leave_date_id`);

--
-- Indexes for table `notifications`
--
ALTER TABLE `notifications`
  ADD PRIMARY KEY (`id`);

--
-- Indexes for table `permissions`
--
ALTER TABLE `permissions`
  ADD PRIMARY KEY (`permission_id`);

--
-- Indexes for table `projects`
--
ALTER TABLE `projects`
  ADD PRIMARY KEY (`project_id`);

--
-- Indexes for table `projects_images`
--
ALTER TABLE `projects_images`
  ADD PRIMARY KEY (`pm_id`),
  ADD KEY `project_idd` (`project_id`);

--
-- Indexes for table `projects_subtasks`
--
ALTER TABLE `projects_subtasks`
  ADD PRIMARY KEY (`project_subtask_id`);

--
-- Indexes for table `projects_tasks`
--
ALTER TABLE `projects_tasks`
  ADD PRIMARY KEY (`project_task_id`);

--
-- Indexes for table `projects_users`
--
ALTER TABLE `projects_users`
  ADD PRIMARY KEY (`project_user_id`);

--
-- Indexes for table `quotation`
--
ALTER TABLE `quotation`
  ADD PRIMARY KEY (`id`);

--
-- Indexes for table `reports`
--
ALTER TABLE `reports`
  ADD PRIMARY KEY (`report_id`);

--
-- Indexes for table `roles`
--
ALTER TABLE `roles`
  ADD PRIMARY KEY (`role_id`);

--
-- Indexes for table `r_descriptions`
--
ALTER TABLE `r_descriptions`
  ADD PRIMARY KEY (`r_description_id`);

--
-- Indexes for table `skills`
--
ALTER TABLE `skills`
  ADD PRIMARY KEY (`is_skill_id`);

--
-- Indexes for table `subtask_comments`
--
ALTER TABLE `subtask_comments`
  ADD PRIMARY KEY (`subtask_comment_id`);

--
-- Indexes for table `subtask_notification`
--
ALTER TABLE `subtask_notification`
  ADD PRIMARY KEY (`notification_id`);

--
-- Indexes for table `transaction`
--
ALTER TABLE `transaction`
  ADD PRIMARY KEY (`id`),
  ADD KEY `goup_id` (`group_id`),
  ADD KEY `user_id` (`user_id`),
  ADD KEY `subgroup_id` (`subgroup_id`),
  ADD KEY `project_id` (`project_id`);

--
-- Indexes for table `users`
--
ALTER TABLE `users`
  ADD PRIMARY KEY (`user_id`);

--
-- Indexes for table `user_qualification`
--
ALTER TABLE `user_qualification`
  ADD PRIMARY KEY (`qualification_id`);

--
-- Indexes for table `user_skills`
--
ALTER TABLE `user_skills`
  ADD PRIMARY KEY (`skill_id`);

--
-- AUTO_INCREMENT for dumped tables
--

--
-- AUTO_INCREMENT for table `account_group`
--
ALTER TABLE `account_group`
  MODIFY `id` int(11) NOT NULL AUTO_INCREMENT, AUTO_INCREMENT=5;

--
-- AUTO_INCREMENT for table `account_subgroup`
--
ALTER TABLE `account_subgroup`
  MODIFY `id` int(11) NOT NULL AUTO_INCREMENT, AUTO_INCREMENT=6;

--
-- AUTO_INCREMENT for table `attendance`
--
ALTER TABLE `attendance`
  MODIFY `attendance_id` int(11) NOT NULL AUTO_INCREMENT, AUTO_INCREMENT=131;

--
-- AUTO_INCREMENT for table `balance`
--
ALTER TABLE `balance`
  MODIFY `id` int(11) NOT NULL AUTO_INCREMENT, AUTO_INCREMENT=2;

--
-- AUTO_INCREMENT for table `categories`
--
ALTER TABLE `categories`
  MODIFY `cat_id` int(11) NOT NULL AUTO_INCREMENT, AUTO_INCREMENT=11;

--
-- AUTO_INCREMENT for table `clients`
--
ALTER TABLE `clients`
  MODIFY `id` int(11) NOT NULL AUTO_INCREMENT, AUTO_INCREMENT=10;

--
-- AUTO_INCREMENT for table `designations`
--
ALTER TABLE `designations`
  MODIFY `designation_id` int(11) NOT NULL AUTO_INCREMENT, AUTO_INCREMENT=38;

--
-- AUTO_INCREMENT for table `events`
--
ALTER TABLE `events`
  MODIFY `id` int(11) NOT NULL AUTO_INCREMENT, AUTO_INCREMENT=29;

--
-- AUTO_INCREMENT for table `leaves`
--
ALTER TABLE `leaves`
  MODIFY `leave_id` int(11) NOT NULL AUTO_INCREMENT, AUTO_INCREMENT=79;

--
-- AUTO_INCREMENT for table `leave_dates`
--
ALTER TABLE `leave_dates`
  MODIFY `leave_date_id` int(11) NOT NULL AUTO_INCREMENT, AUTO_INCREMENT=766;

--
-- AUTO_INCREMENT for table `notifications`
--
ALTER TABLE `notifications`
  MODIFY `id` int(11) NOT NULL AUTO_INCREMENT, AUTO_INCREMENT=38;

--
-- AUTO_INCREMENT for table `permissions`
--
ALTER TABLE `permissions`
  MODIFY `permission_id` int(11) NOT NULL AUTO_INCREMENT, AUTO_INCREMENT=622;

--
-- AUTO_INCREMENT for table `projects`
--
ALTER TABLE `projects`
  MODIFY `project_id` int(11) NOT NULL AUTO_INCREMENT, AUTO_INCREMENT=41;

--
-- AUTO_INCREMENT for table `projects_images`
--
ALTER TABLE `projects_images`
  MODIFY `pm_id` int(11) NOT NULL AUTO_INCREMENT, AUTO_INCREMENT=47;

--
-- AUTO_INCREMENT for table `projects_subtasks`
--
ALTER TABLE `projects_subtasks`
  MODIFY `project_subtask_id` int(11) NOT NULL AUTO_INCREMENT, AUTO_INCREMENT=40;

--
-- AUTO_INCREMENT for table `projects_tasks`
--
ALTER TABLE `projects_tasks`
  MODIFY `project_task_id` int(11) NOT NULL AUTO_INCREMENT, AUTO_INCREMENT=55;

--
-- AUTO_INCREMENT for table `projects_users`
--
ALTER TABLE `projects_users`
  MODIFY `project_user_id` int(11) NOT NULL AUTO_INCREMENT, AUTO_INCREMENT=100;

--
-- AUTO_INCREMENT for table `quotation`
--
ALTER TABLE `quotation`
  MODIFY `id` int(11) NOT NULL AUTO_INCREMENT, AUTO_INCREMENT=14;

--
-- AUTO_INCREMENT for table `reports`
--
ALTER TABLE `reports`
  MODIFY `report_id` int(11) NOT NULL AUTO_INCREMENT, AUTO_INCREMENT=7;

--
-- AUTO_INCREMENT for table `roles`
--
ALTER TABLE `roles`
  MODIFY `role_id` int(11) NOT NULL AUTO_INCREMENT, AUTO_INCREMENT=7;

--
-- AUTO_INCREMENT for table `r_descriptions`
--
ALTER TABLE `r_descriptions`
  MODIFY `r_description_id` int(11) NOT NULL AUTO_INCREMENT, AUTO_INCREMENT=7;

--
-- AUTO_INCREMENT for table `skills`
--
ALTER TABLE `skills`
  MODIFY `is_skill_id` int(11) NOT NULL AUTO_INCREMENT, AUTO_INCREMENT=61;

--
-- AUTO_INCREMENT for table `subtask_comments`
--
ALTER TABLE `subtask_comments`
  MODIFY `subtask_comment_id` int(11) NOT NULL AUTO_INCREMENT, AUTO_INCREMENT=33;

--
-- AUTO_INCREMENT for table `subtask_notification`
--
ALTER TABLE `subtask_notification`
  MODIFY `notification_id` int(11) NOT NULL AUTO_INCREMENT;

--
-- AUTO_INCREMENT for table `transaction`
--
ALTER TABLE `transaction`
  MODIFY `id` int(11) NOT NULL AUTO_INCREMENT, AUTO_INCREMENT=7;

--
-- AUTO_INCREMENT for table `users`
--
ALTER TABLE `users`
  MODIFY `user_id` int(11) NOT NULL AUTO_INCREMENT, AUTO_INCREMENT=18;

--
-- AUTO_INCREMENT for table `user_qualification`
--
ALTER TABLE `user_qualification`
  MODIFY `qualification_id` int(11) NOT NULL AUTO_INCREMENT, AUTO_INCREMENT=11;

--
-- AUTO_INCREMENT for table `user_skills`
--
ALTER TABLE `user_skills`
  MODIFY `skill_id` int(11) NOT NULL AUTO_INCREMENT, AUTO_INCREMENT=39;

--
-- Constraints for dumped tables
--

--
-- Constraints for table `projects_images`
--
ALTER TABLE `projects_images`
  ADD CONSTRAINT `project_idd` FOREIGN KEY (`project_id`) REFERENCES `projects` (`project_id`);
COMMIT;

/*!40101 SET CHARACTER_SET_CLIENT=@OLD_CHARACTER_SET_CLIENT */;
/*!40101 SET CHARACTER_SET_RESULTS=@OLD_CHARACTER_SET_RESULTS */;
/*!40101 SET COLLATION_CONNECTION=@OLD_COLLATION_CONNECTION */;
